ID,Address,Rooms,Type,Price,Date,Bathroom,Car,Landsize,Age,Lattitude,Longtitude
ID778854256,13 Darling St,3,h,1200000.0,3/06/2017,1.0,2.0,440.0,139.0,-37.77558,145.02451000000005
ID244478945,3/550 Fullarton Rd,4,t,600000.0,27/11/2016,2.0,1.0,231.0,6.0,-37.7263,144.8584
ID790990379,149 Spring St,2,h,850000.0,17/06/2017,1.0,2.0,494.0,10.0,-37.72596,145.00113000000005
ID138799980,6/29 Weir St,2,u,460000.0,16/04/2016,1.0,1.0,0.0,69.0,-37.8152,145.0839
ID508696078,22 Wheeler Pl,3,h,1400000.0,19/11/2016,2.0,2.0,383.0,119.0,-37.7565,144.9241
ID418086279,1/35 George St,2,u,491000.0,10/12/2016,1.0,1.0,168.0,49.0,-37.7167,145.0001
ID689028667,87 Frawley Rd,3,h,1300000.0,8/07/2017,2.0,2.0,1801.0,14.0,-38.00128,145.27213
ID498494148,130 High St,4,h,1550000.0,14/05/2016,0.0,0.0,769.0,99.0,-37.8628,145.0734
ID743741958,14A Kernot St,3,h,775000.0,25/02/2017,1.0,1.0,435.0,19.0,-37.8279,144.873
ID908163252,8 Hunter St,3,h,1900000.0,23/09/2017,1.0,1.0,300.0,7.0,-37.81981,145.00538999999995
ID964580776,87 Orrong Rd,3,h,1750000.0,19/11/2016,2.0,2.0,517.0,119.0,-37.8813,145.0063
ID368620838,1/16 Finlayson St,2,t,910000.0,3/06/2017,1.0,2.0,195.0,44.0,-37.86916,145.03565
ID455153532,221 Mascoma St,3,h,900000.0,13/05/2017,1.0,2.0,531.0,54.0,-37.7192,144.9045
ID588421712,29 Briardale Dr,3,h,490000.0,19/08/2017,2.0,2.0,536.0,29.0,-37.90419,144.63761
ID312853599,3/4 Murrell St,2,t,434500.0,19/11/2016,1.0,1.0,125.0,44.0,-37.7042,144.9211
ID202475484,3 Charles St,3,h,1102000.0,27/11/2016,1.0,2.0,1020.0,7.0,-37.709,144.9434
ID182357928,10 Sheridan Wy,3,h,490000.0,29/07/2017,2.0,2.0,400.0,23.0,-37.625840000000004,144.92506
ID212631729,37 Spencer Pl,3,t,1500000.0,16/09/2017,2.0,2.0,72.0,8.0,-37.81937,145.00146
ID427245568,105 Ivanhoe Pde,4,h,1758000.0,25/02/2017,2.0,2.0,650.0,39.0,-37.7607,145.0456
ID162997414,92 Simpson St,2,h,950000.0,6/05/2017,1.0,0.0,94.0,79.0,-37.8167,144.888
ID630610411,90 Edinburgh St,3,h,1315000.0,13/08/2016,1.0,1.0,313.0,89.0,-37.7853,144.9235
ID210529288,58 Leinster Gr,2,t,960000.0,29/04/2017,2.0,2.0,158.0,12.0,-37.7587,144.9881
ID427766043,6 Troup Ct,3,h,485000.0,22/07/2017,1.0,1.0,633.0,59.0,-37.89444,144.65591
ID482353642,60 Carlisle St,2,h,1108000.0,22/04/2017,1.0,0.0,258.0,79.0,-37.7521,145.0071
ID449611245,2 Herod Pl,3,h,640000.0,9/09/2017,2.0,2.0,607.0,64.0,-37.673790000000004,144.89826000000005
ID369197287,10/21 Lillimur Rd,1,u,362000.0,26/07/2016,1.0,1.0,0.0,9.0,-37.9016,145.0414
ID490330226,31 Elizabeth St,2,h,820000.0,10/12/2016,1.0,1.0,597.0,59.0,-37.7402,144.9807
ID740586360,16 Border Dr,3,h,703000.0,3/09/2016,2.0,2.0,683.0,24.0,-37.7402,144.8591
ID811734567,7 Roberts Ct,3,h,1270000.0,20/05/2017,1.0,3.0,724.0,133.0,-37.9291,145.0297
ID498897333,13 Allendale Ct,3,h,520000.0,15/07/2017,1.0,1.0,631.0,59.0,-37.66004,144.92338
ID952676279,2/32 Forrest St,3,u,560000.0,25/02/2017,2.0,7.0,420.0,49.0,-37.7848,144.8231
ID389165977,23 McShane Dr,4,h,740000.0,3/12/2016,2.0,2.0,558.0,49.0,-37.7311,144.8257
ID426033014,11 Kerferd St,3,h,1610000.0,18/06/2016,1.0,2.0,569.0,69.0,-37.9419,145.01
ID453187009,301/228 The Avenue,3,u,1560000.0,27/05/2017,2.0,1.0,2431.0,69.0,-37.78212,144.95755
ID415768677,43 The Crossway,3,h,860000.0,15/07/2017,1.0,1.0,568.0,59.0,-37.7465,144.8613
ID510025857,13 Whitby St,3,h,767000.0,19/11/2016,1.0,2.0,561.0,69.0,-37.7098,145.0031
ID435582368,3/157 Deakin St,3,t,770000.0,16/09/2017,1.0,1.0,116.0,18.0,-37.73899,144.89291
ID909766361,15 Wattlebird Ct,4,h,1750000.0,9/09/2017,2.0,4.0,514.0,19.0,-37.84248,145.10181
ID323664602,1/187 George St,2,u,700000.0,22/08/2016,2.0,1.0,0.0,49.0,-37.8153,144.9842
ID369973063,8/31 Bouverie St,3,u,860000.0,4/06/2016,2.0,1.0,0.0,25.0,-37.8052,144.9604
ID327573744,7 Eton Ct,3,h,560000.0,27/05/2017,1.0,1.0,810.0,69.0,-37.97938,145.23035
ID341728236,27 Halpin St,3,h,1445000.0,24/06/2017,1.0,2.0,613.0,69.0,-37.76883,144.94592
ID193167369,4/71 Station Rd,2,t,400000.0,8/07/2017,1.0,1.0,102.0,7.0,-37.711220000000004,144.91863
ID112331622,77 Karingal Dr,4,h,1030000.0,26/08/2017,3.0,3.0,1061.0,59.0,-37.705909999999996,145.13005
ID458085242,59 Gent St,3,h,1005000.0,16/07/2016,1.0,1.0,438.0,59.0,-37.8177,144.8711
ID346737359,111 Best St,3,h,1275000.0,16/04/2016,2.0,1.0,104.0,129.0,-37.7813,144.9834
ID429021076,67/337 Station St,2,u,510000.0,27/06/2016,1.0,1.0,0.0,49.0,-37.7634,145.02100000000004
ID261903961,4 Barry St,2,h,905000.0,17/06/2017,1.0,0.0,114.0,69.0,-37.78024,144.99289
ID802205366,89 Cheddar Rd,5,h,1050000.0,22/08/2016,2.0,1.0,578.0,7.0,-37.7061,145.0147
ID764969550,1/30 Lisson Gr,2,h,1480000.0,24/06/2017,0.0,0.0,241.0,129.0,-37.82679,145.03021
ID579816190,13 Naroo St,4,h,1800000.0,8/10/2016,2.0,2.0,577.0,71.0,-37.8032,145.0693
ID220159900,3 Clive Ct,4,h,2130000.0,8/10/2016,3.0,2.0,1274.0,49.0,-37.7822,145.0907
ID775093465,11 Grange Rd,3,h,975500.0,26/08/2017,1.0,1.0,697.0,109.0,-37.73254,144.88321000000005
ID644495191,2/23 Peace St,3,t,1315000.0,29/04/2017,2.0,2.0,184.0,49.0,-37.8644,145.063
ID208668853,1 Chisholm St,3,u,726000.0,24/09/2016,1.0,1.0,229.0,23.0,-37.7606,144.8973
ID276792291,61 Dundas St,3,h,910000.0,26/08/2017,1.0,2.0,276.0,54.0,-37.75277,145.00734
ID685058411,72 McNamara St,3,h,1055000.0,29/04/2017,1.0,2.0,575.0,69.0,-37.7288,144.9849
ID945228222,2/300 Koornang Rd,2,u,765000.0,19/11/2016,1.0,1.0,134.0,54.0,-37.8987,145.0557
ID882383954,5 Kilburn St,4,h,1610000.0,12/08/2017,3.0,2.0,861.0,64.0,-37.73154,144.92243
ID828362264,22 McPherson St,4,h,1310000.0,16/04/2016,3.0,2.0,475.0,129.0,-37.7609,144.9285
ID337892621,5 Florida Ct,4,h,1385000.0,14/05/2016,2.0,2.0,807.0,19.0,-37.9431,145.0407
ID628064714,12 Taormina St,3,h,550000.0,27/05/2017,2.0,2.0,392.0,6.0,-37.62458,144.88546000000005
ID999573307,80 South Rd,4,h,610000.0,17/09/2016,2.0,1.0,283.0,29.0,-37.7908,144.8485
ID336165547,28 Black St,3,h,592500.0,14/05/2016,2.0,1.0,215.0,49.0,-37.7094,145.0204
ID320304971,8 Efficient St,3,h,490000.0,8/07/2017,2.0,2.0,375.0,7.0,-37.62157,145.01049
ID140625751,16 Waratah St,3,t,1260000.0,29/07/2017,2.0,2.0,669.0,59.0,-37.912890000000004,145.08065
ID399939687,2 Hazel Gr,2,h,915000.0,3/12/2016,1.0,3.0,629.0,44.0,-37.7312,144.9399
ID691127635,3/10 Edgar St,2,t,690000.0,25/02/2017,1.0,1.0,110.0,9.0,-37.7489,145.07
ID473642792,176 Buckingham St,4,h,1645000.0,22/08/2016,2.0,1.0,249.0,49.0,-37.8147,145.0084
ID336726007,4/38 Hampton Pde,2,u,266000.0,20/05/2017,1.0,1.0,1059.0,49.0,-37.8062,144.8665
ID114794109,17 Marigolds Rd,3,h,800000.0,27/11/2016,2.0,2.0,660.0,25.0,-37.7285,145.0845
ID691364278,1 Tudor St,3,h,820000.0,10/12/2016,2.0,4.0,805.0,69.0,-37.708,144.9211
ID803468229,17 Clifton St,2,h,1000000.0,25/02/2017,1.0,1.0,472.0,59.0,-37.884,145.0447
ID662210733,49 Aylmer St,3,h,1800000.0,18/06/2016,1.0,1.0,809.0,5.0,-37.7976,145.0684
ID139608454,19 Barbara St,3,h,550000.0,22/05/2016,1.0,3.0,610.0,59.0,-37.7107,144.9419
ID316267628,6/5 Seaver Gr,2,u,340000.0,24/09/2016,1.0,1.0,151.0,44.0,-37.7126,144.99
ID265226389,6 Ford St,3,h,1291000.0,24/06/2017,2.0,2.0,776.0,8.0,-37.81685,145.2353
ID933024446,73 Truganini Rd,4,h,1655000.0,25/02/2017,2.0,2.0,595.0,104.0,-37.8916,145.0543
ID928165954,2/11 Harts Pde,2,u,622000.0,27/11/2016,1.0,1.0,0.0,49.0,-37.8318,145.0448
ID205219670,36 Bossington St,3,h,1218500.0,17/06/2017,1.0,2.0,673.0,69.0,-37.91693,145.08739
ID334344745,8/36 Power St,2,u,600000.0,4/03/2017,1.0,1.0,0.0,5.0,-37.816,145.0272
ID638161365,1/29 Main Rd,2,u,420000.0,12/08/2017,1.0,1.0,119.0,19.0,-37.728609999999996,145.109
ID600986993,13/220 Barkly St,2,u,610500.0,8/04/2017,2.0,1.0,2920.0,13.0,-37.8709,144.9807
ID338752257,3/186 Hawdon St,3,t,781000.0,24/06/2017,2.0,2.0,137.0,19.0,-37.74888,145.06593
ID298789783,21 Graham St,3,h,518500.0,1/07/2017,1.0,0.0,576.0,20.0,-37.692370000000004,144.93143999999995
ID754939391,17 Gladstone St,3,h,1410000.0,10/12/2016,1.0,2.0,304.0,134.0,-37.8023,145.0404
ID757487273,14/89 Fitzroy St,1,u,400000.0,7/05/2016,1.0,1.0,0.0,21.0,-37.8605,144.9769
ID176663722,16 Castlereagh Pl,3,h,800000.0,18/06/2016,2.0,2.0,595.0,19.0,-37.7023,145.0775
ID261851049,85 Radford Rd,5,h,791000.0,18/06/2016,3.0,1.0,961.0,34.0,-37.7024,144.984
ID356453354,19/37 Stephen St,3,h,920000.0,12/08/2017,2.0,2.0,182.0,6.0,-37.812490000000004,144.89531000000005
ID515500982,2/247 Elgar Rd,3,u,930000.0,4/02/2016,2.0,2.0,252.0,27.0,-37.8344,145.1114
ID915060973,2/8 Stewart St,2,u,580000.0,22/07/2017,1.0,1.0,103.0,9.0,-37.72773,144.92628
ID876373698,39 Kinsale St,4,h,1030000.0,7/11/2016,2.0,3.0,630.0,84.0,-37.721,144.9952
ID627615759,1/177 Oakleigh Rd,2,u,586000.0,4/03/2017,1.0,1.0,898.0,49.0,-37.9003,145.0634
ID962244260,3 Gowanbrae Dr,3,h,700000.0,16/04/2016,2.0,2.0,691.0,12.0,-37.7089,144.8927
ID897430222,16 Fawkner Rd,3,h,1305000.0,7/11/2016,1.0,1.0,735.0,19.0,-37.7282,144.9304
ID285533111,55 McKinnon Rd,4,h,1830000.0,26/08/2017,2.0,1.0,567.0,90.0,-37.90998,145.03082
ID343335765,4/105 Raleigh Rd,2,t,510000.0,14/05/2016,2.0,1.0,176.0,9.0,-37.7693,144.8905
ID686368644,5/459 Waterdale Rd,2,u,445000.0,8/07/2017,1.0,1.0,94.0,49.0,-37.74392,145.04692
ID954303045,3/30 Edmund St,2,u,495000.0,13/08/2016,1.0,1.0,515.0,49.0,-37.7875,145.0049
ID175433324,638 Hawthorn Rd,4,h,2000000.0,12/08/2017,2.0,2.0,619.0,111.0,-37.90344,145.01856
ID515243505,29A Yuile St,5,h,3510000.0,18/03/2017,5.0,2.0,755.0,4.0,-37.8598,145.0796
ID283327908,8 Merrion Pl,3,h,1878000.0,10/09/2016,2.0,1.0,392.0,4.0,-37.8081,145.0263
ID778782845,72 Anderson Rd,3,h,595999.0,16/07/2016,1.0,1.0,750.0,69.0,-37.7892,144.827
ID200405573,2/102 Rathcown Rd,2,u,440000.0,8/10/2016,1.0,2.0,132.0,39.0,-37.709,145.0219
ID727930737,4/7 Hudson St,1,u,361000.0,15/07/2017,1.0,1.0,60.0,44.0,-37.87972,145.03351
ID959252627,3/12 St Huberts Rd,1,u,340000.0,30/07/2016,1.0,1.0,0.0,59.0,-37.8894,145.0508
ID341100793,2/576 Riversdale Rd,2,u,670000.0,1/07/2017,1.0,1.0,0.0,44.0,-37.83202,145.06095
ID199048444,9/33 Staley St,2,u,445000.0,7/05/2016,1.0,1.0,0.0,44.0,-37.7643,144.9638
ID291629930,19 Collins St,2,h,650000.0,16/04/2016,1.0,3.0,620.0,69.0,-37.7377,145.0541
ID731810079,3 Waratah Dr,4,h,1201000.0,3/09/2016,2.0,2.0,657.0,41.0,-37.7624,145.1175
ID746253104,12 Stanley St,3,h,756000.0,13/08/2016,1.0,1.0,353.0,94.0,-37.7915,144.8733
ID201775873,2/3 Bowen St,2,u,648000.0,18/06/2016,1.0,1.0,0.0,44.0,-37.9014,145.0824
ID277298229,4/59 Wilson St,2,u,850000.0,3/06/2017,1.0,2.0,0.0,49.0,-37.96021,145.05938
ID557502032,7 Wave St,3,h,2100000.0,17/06/2017,2.0,1.0,455.0,29.0,-37.93739,145.00513
ID952274486,144 The Avenue,4,h,1250000.0,23/04/2016,3.0,1.0,515.0,119.0,-37.7537,144.9766
ID140326567,10 Cecelia Dr,3,h,806000.0,27/05/2017,2.0,4.0,546.0,54.0,-37.747609999999995,144.8521
ID516711649,1 Dewrang St,3,h,1010000.0,27/05/2017,1.0,2.0,532.0,49.0,-37.95746,145.06706
ID980284707,149 Manchester Rd,3,h,696000.0,29/07/2017,1.0,2.0,886.0,59.0,-37.7753,145.31266000000005
ID438841478,6/23 Gourlay St,2,u,442000.0,17/09/2016,1.0,1.0,0.0,59.0,-37.8726,144.9962
ID924657602,9/12 Bartlett St,2,u,400000.0,4/03/2017,1.0,1.0,0.0,59.0,-37.9367,145.0322
ID124563098,8/33 McIntyre St,3,u,746000.0,17/09/2016,1.0,2.0,308.0,24.0,-37.8505,145.1065
ID938312085,82 New St,5,h,3700000.0,18/06/2016,3.0,4.0,1572.0,129.0,-37.9233,144.9944
ID281479313,40 Chesterville Dr,3,h,1115000.0,22/05/2016,2.0,2.0,1080.0,53.0,-37.9233,145.0674
ID495508014,271 Canning St,5,h,2450000.0,29/04/2017,3.0,2.0,268.0,79.0,-37.7915,144.9737
ID126348281,6 MacKenzie St,3,h,718500.0,28/05/2016,1.0,6.0,807.0,44.0,-37.704,144.9864
ID817150191,94 Wilson St,2,h,800000.0,23/04/2016,1.0,0.0,137.0,109.0,-37.7745,144.9558
ID688907446,10 Parton Ct,4,h,1455000.0,3/06/2017,2.0,2.0,608.0,81.0,-37.891059999999996,145.04675
ID327395550,91 Hilma St,4,h,685000.0,13/05/2017,2.0,2.0,572.0,52.0,-37.7912,144.7979
ID561813368,13 Patricia St,3,h,1525000.0,12/08/2017,1.0,1.0,904.0,54.0,-37.82694,145.12465
ID678409405,5/78 Moonya Rd,3,t,675000.0,4/06/2016,2.0,1.0,0.0,29.0,-37.8972,145.0642
ID910248606,7 Gladstone St,4,h,1250000.0,10/12/2016,1.0,2.0,613.0,59.0,-37.7433,144.9762
ID179426722,4/3 MacKenzie St,2,u,425000.0,1/07/2017,1.0,1.0,0.0,6.0,-37.97143,145.05219
ID939775391,1/100 Balwyn Rd,2,u,460000.0,27/05/2017,1.0,1.0,0.0,59.0,-37.81172,145.08175
ID990378678,41 Balerno Cir,3,h,504000.0,6/08/2016,2.0,1.0,215.0,15.0,-37.709,144.8964
ID321948585,15 Highpoint Cr,4,h,920000.0,29/07/2017,3.0,2.0,1503.0,39.0,-37.70697,145.14105
ID499866296,2/13 Batesford Rd,3,u,988000.0,20/05/2017,2.0,2.0,286.0,11.0,-37.8755,145.0954
ID912190130,616 North Rd,2,h,765000.0,14/05/2016,1.0,2.0,300.0,17.0,-37.9045,145.0426
ID323716192,14 Queens Pde,5,h,2410000.0,27/11/2016,2.0,2.0,654.0,4.0,-37.8515,145.0922
ID444840923,6/9 Eddy St,2,u,677000.0,1/07/2017,1.0,1.0,131.0,44.0,-37.847159999999995,145.07351
ID450526313,3/50 Denbigh Rd,2,u,546000.0,30/07/2016,0.0,0.0,0.0,6.0,-37.8568,145.0161
ID586009639,2 Northgate Dr,4,h,775000.0,22/07/2017,2.0,2.0,520.0,29.0,-38.064859999999996,145.35031
ID254186409,27 Thomson Dr,4,h,890000.0,14/05/2016,3.0,2.0,583.0,49.0,-37.733000000000004,145.0694
ID302410475,6 Saxonwood Dr,3,h,597500.0,24/06/2017,1.0,2.0,810.0,99.0,-38.0312,145.30703
ID161356322,1/24 Eldridge St,2,u,296000.0,27/11/2016,1.0,1.0,0.0,104.0,-37.789,144.8932
ID503245643,13 Leslie St,4,h,760000.0,16/09/2017,2.0,2.0,536.0,54.0,-38.16363,145.11545
ID850297314,6 robinson St,3,h,590000.0,28/05/2016,2.0,1.0,286.0,11.0,-37.7896,144.8369
ID394418403,6 Merbein St,2,h,680000.0,14/05/2016,1.0,2.0,590.0,79.0,-37.717,144.9509
ID919209426,10 Devoy St,4,h,1500000.0,24/06/2017,2.0,2.0,597.0,59.0,-37.91753,145.08524
ID835271539,4/3 Kooyongkoot Rd,2,u,500000.0,22/07/2017,1.0,1.0,2338.0,5.0,-37.83032,145.03898999999996
ID667009535,2A Kerr St,3,t,881000.0,19/08/2017,1.0,1.0,300.0,59.0,-37.81156,145.14057
ID354890035,1/10 McComas Gr,2,u,650000.0,11/03/2017,1.0,1.0,194.0,44.0,-37.8509,145.1119
ID808866275,4 Carmel Ct,3,h,1175000.0,12/08/2017,1.0,2.0,700.0,6.0,-37.92689,145.05879
ID832808575,3/477 Kooyong Rd,3,t,1071000.0,16/04/2016,2.0,2.0,179.0,19.0,-37.8961,145.0125
ID876498871,9 Katta Ct,3,h,1060000.0,16/07/2016,1.0,2.0,772.0,89.0,-37.8707,145.1036
ID181685969,22 Carlingford St,4,h,2050000.0,27/06/2016,3.0,2.0,420.0,3.0,-37.8891,145.0102
ID965321721,75 Canterbury Rd,3,h,1112000.0,17/06/2017,1.0,3.0,632.0,49.0,-37.831070000000004,145.14343
ID703567949,20 Miller St,4,h,535000.0,27/05/2017,2.0,2.0,808.0,49.0,-37.580890000000004,144.72183
ID485568004,12A Almond St,2,h,997000.0,29/04/2017,1.0,2.0,311.0,94.0,-37.8895,145.0229
ID407871096,9 Stephens St,5,h,4000000.0,18/06/2016,5.0,4.0,1364.0,6.0,-37.7961,145.0859
ID126189580,37 Lewis St,3,h,995000.0,16/04/2016,1.0,1.0,327.0,99.0,-37.7574,144.9854
ID646795743,39 Kiewa St,3,h,1542000.0,8/04/2017,2.0,2.0,980.0,39.0,-37.7883,145.1387
ID855473094,83 Truganini Rd,3,h,1910000.0,25/02/2017,1.0,1.0,720.0,104.0,-37.8922,145.0544
ID902061597,15 Derna St,3,h,740000.0,7/11/2016,2.0,1.0,627.0,59.0,-37.747,145.0402
ID473903731,152 Gooch St,3,h,1427000.0,19/11/2016,1.0,1.0,275.0,99.0,-37.7592,145.0105
ID178320228,1/108 Surrey Rd,2,u,706000.0,15/07/2017,1.0,1.0,305.0,79.0,-37.809059999999995,145.15787
ID644947073,3 Longfield St,3,h,1400000.0,27/11/2016,1.0,2.0,0.0,119.0,-37.8211,145.0114
ID154441839,101 Kerr St,3,h,1750000.0,9/09/2017,1.0,1.0,152.0,24.0,-37.796620000000004,144.9791
ID978561233,16/36 Anderson Rd,3,u,735000.0,16/04/2016,1.0,1.0,0.0,49.0,-37.8414,145.0505
ID470506785,93 Williamstown Rd,5,h,1275000.0,18/03/2017,3.0,1.0,386.0,129.0,-37.8078,144.8846
ID407127938,19/225 Koornang Rd,2,u,460000.0,12/06/2016,1.0,1.0,0.0,49.0,-37.8936,145.056
ID791679378,8/121 Thomas St,2,u,802000.0,3/12/2016,1.0,1.0,0.0,54.0,-37.939,145.0137
ID755871369,15 Avelin St,4,h,1800000.0,28/05/2016,2.0,1.0,667.0,84.0,-37.9315,145.0109
ID606979696,606/120 Palmer St,2,u,620000.0,22/08/2016,2.0,1.0,650.0,8.0,-37.8195,145.0103
ID120192824,3 Highbury St,3,h,2000000.0,4/03/2017,1.0,3.0,772.0,8.0,-37.7938,145.0732
ID973683515,14 Carbine Wy,3,h,675000.0,8/07/2017,2.0,4.0,708.0,44.0,-37.72659,144.79668
ID251306710,25 Carlyle St,3,h,676500.0,8/10/2016,2.0,1.0,250.0,59.0,-37.7905,144.8762
ID238456441,65 Darling St,3,h,1240000.0,29/04/2017,2.0,2.0,275.0,139.0,-37.766999999999996,144.9108
ID335774129,717 Brunswick St,3,h,1300000.0,27/11/2016,2.0,0.0,127.0,129.0,-37.7851,144.9809
ID461550053,91 Plenty Rd,3,h,800000.0,28/05/2016,1.0,2.0,207.0,109.0,-37.7486,145.0039
ID225281065,10 Madeline St,5,h,1700000.0,26/08/2017,3.0,2.0,630.0,44.0,-37.85718,145.08658
ID166634685,10 Hastings Ct,3,h,600000.0,16/09/2017,1.0,2.0,555.0,99.0,-37.64417,145.04043000000001
ID366973899,71 Augustine Tce,3,h,760000.0,29/07/2017,1.0,4.0,625.0,69.0,-37.69912,144.90996
ID443759274,1687 Malvern Rd,3,h,2800000.0,26/07/2016,1.0,2.0,762.0,89.0,-37.8575,145.0554
ID804359269,4/6 Linton St,2,u,504000.0,10/12/2016,1.0,1.0,0.0,39.0,-37.7712,145.0455
ID319032418,121 Suffolk St,3,h,878000.0,30/07/2016,1.0,1.0,397.0,59.0,-37.7901,144.8682
ID423003508,10 Edward St,3,h,1702000.0,27/05/2017,1.0,2.0,290.0,119.0,-37.81767,145.04041
ID986944900,2/60 Darebin St,4,u,915000.0,24/06/2017,2.0,2.0,419.0,109.0,-37.7537,145.06341
ID799284879,8 Mitchell St,4,h,1340000.0,8/07/2017,1.0,3.0,697.0,99.0,-37.78352,144.88981
ID663180184,29 Alfred St,2,h,825000.0,14/05/2016,1.0,0.0,111.0,109.0,-37.835,144.9373
ID312448045,12 Norwood Ct,3,h,730000.0,8/07/2017,1.0,1.0,612.0,59.0,-37.70602,145.05945
ID757219774,112 Belmore Rd,5,h,2570000.0,3/12/2016,3.0,2.0,715.0,10.0,-37.8028,145.0768
ID816795159,88 Westmoreland Rd,2,h,1190000.0,19/11/2016,1.0,6.0,968.0,69.0,-37.7698,144.8362
ID589340436,9 Banks Pl,3,h,742000.0,26/08/2017,2.0,2.0,375.0,44.0,-37.68415,144.8999
ID160126794,28 Kellaway St,3,h,920000.0,10/09/2016,1.0,2.0,689.0,99.0,-37.7823,144.887
ID284609909,109 Ellesmere Pde,3,h,1020000.0,17/09/2016,1.0,2.0,927.0,59.0,-37.7342,145.0658
ID569801358,7/6 Osborne Ct,1,u,400000.0,15/10/2016,1.0,1.0,0.0,69.0,-37.8155,145.0161
ID946929685,5 Millah Rd,4,h,3270000.0,12/11/2016,2.0,4.0,935.0,92.0,-37.8157,145.0795
ID896783906,13 Nutwood St,4,h,755000.0,12/08/2017,2.0,2.0,479.0,24.0,-37.70952,145.033
ID191985309,18 Catron St,4,h,870000.0,29/07/2017,2.0,2.0,771.0,54.0,-38.10052,145.13397
ID951184494,4/35 Studley Park Rd,2,u,580000.0,13/08/2016,1.0,1.0,0.0,49.0,-37.8071,145.0243
ID839774166,116 The Avenue,3,h,1035000.0,19/11/2016,1.0,2.0,675.0,99.0,-37.8261,144.872
ID702259717,30 Mirams St,4,h,1300000.0,27/11/2016,1.0,4.0,664.0,99.0,-37.7765,144.9132
ID172604826,4 Brownfield St,3,h,1275000.0,12/08/2017,2.0,2.0,656.0,59.0,-37.967909999999996,145.06241
ID686956481,44 Shaw St,3,h,1305000.0,26/08/2017,1.0,3.0,650.0,69.0,-37.74009,144.88736
ID247680235,11/97 Brickworks Dr,2,u,410000.0,4/06/2016,1.0,1.0,0.0,19.0,-37.7695,144.9528
ID390485717,16 Ayton St,3,h,950000.0,19/11/2016,3.0,2.0,290.0,59.0,-37.7601,145.0363
ID355530496,2b Rollo St,2,t,591000.0,7/11/2016,1.0,1.0,0.0,11.0,-37.721,144.9527
ID790715644,98 Brady Rd,4,h,1175000.0,25/02/2017,2.0,2.0,620.0,39.0,-37.9281,145.0669
ID250381573,1/21 Jones St,2,h,542000.0,22/05/2016,1.0,1.0,0.0,129.0,-37.7618,144.9662
ID292507818,125 Oriel Rd,3,h,894000.0,8/04/2017,2.0,3.0,601.0,69.0,-37.7524,145.0393
ID142513493,14 Altona St,2,t,812000.0,16/04/2016,1.0,0.0,132.0,132.0,-37.7989,144.9275
ID241655845,32 Kynoch St,4,h,650000.0,24/06/2017,2.0,2.0,709.0,49.0,-37.76336,144.7725
ID670284094,4/28 Rushall St,2,u,438000.0,15/10/2016,1.0,1.0,0.0,12.0,-37.7762,145.0213
ID715646904,21 River Dr,3,t,880000.0,8/10/2016,2.0,2.0,339.0,49.0,-37.7519,144.8534
ID687960062,1/389 Mont Albert Rd,2,u,442500.0,20/05/2017,1.0,1.0,0.0,59.0,-37.8212,145.1064
ID489989857,6 Sproul St,3,h,520000.0,25/02/2017,1.0,1.0,535.0,79.0,-37.757,144.8313
ID956923293,18 Derby St,2,h,1260000.0,15/10/2016,1.0,2.0,116.0,99.0,-37.8067,144.984
ID947099617,69 Monash St,3,h,560000.0,22/07/2017,1.0,2.0,535.0,49.0,-37.6615,145.02761
ID782690461,23A Havelock St,2,h,1120000.0,8/04/2017,1.0,0.0,135.0,89.0,-37.8661,144.9802
ID462939756,28 Raymond St,3,h,1250000.0,3/12/2016,1.0,1.0,842.0,69.0,-37.867,145.1092
ID954550206,5 Halpin St,3,h,1200000.0,4/06/2016,1.0,1.0,600.0,49.0,-37.769,144.9478
ID906865486,120/99 Dow St,2,u,635000.0,8/07/2017,2.0,1.0,2166.0,7.0,-37.84146,144.94121
ID928109928,555 Camberwell Rd,3,h,1775000.0,17/06/2017,1.0,3.0,715.0,7.0,-37.84361,145.07099
ID552969494,2/27 Foam St,3,t,1225000.0,12/08/2017,2.0,2.0,0.0,11.0,-37.886559999999996,144.99068
ID838306754,185 Moreland Rd,1,h,482500.0,23/04/2016,1.0,1.0,108.0,99.0,-37.7554,144.9648
ID971039180,4 Anchor Pl,4,h,1805000.0,17/06/2017,2.0,1.0,105.0,4.0,-37.85102,144.99408
ID789198619,53 Gloucester Rd,2,h,1450000.0,8/04/2017,1.0,1.0,627.0,10.0,-37.8689,145.0882
ID616489717,1/156 Chambers Rd,3,h,620000.0,22/08/2016,2.0,2.0,276.0,9.0,-37.8262,144.8443
ID527177160,2/164 Leamington St,1,u,220000.0,24/09/2016,1.0,1.0,0.0,49.0,-37.7111,144.9919
ID636112486,98 Heath St,2,h,1400000.0,25/02/2017,1.0,1.0,168.0,85.0,-37.8346,144.9453
ID388233529,23 Phillip Rd,4,h,880000.0,22/07/2017,1.0,1.0,534.0,69.0,-37.74807,144.86927
ID993193124,56 Gardiner Pde,5,h,2175000.0,4/06/2016,3.0,4.0,619.0,16.0,-37.8554,145.0611
ID447507133,1 Montana St,4,h,2300000.0,6/08/2016,3.0,4.0,1258.0,78.0,-37.8552,145.082
ID636478290,10 Baird St,5,h,900000.0,12/08/2017,3.0,4.0,663.0,79.0,-37.70659000000001,144.97109
ID670103762,8 Rutland St,3,h,960000.0,30/07/2016,1.0,1.0,645.0,69.0,-37.736,144.8809
ID965416958,28 Vine St,3,h,1683000.0,27/06/2016,2.0,2.0,222.0,139.0,-37.7688,144.9291
ID303592399,8 Hamer St,2,h,1265000.0,16/09/2017,1.0,3.0,439.0,2.0,-37.76766,144.97638
ID579815109,4/135 Brunswick Rd,2,t,640000.0,16/09/2017,1.0,1.0,82.0,114.0,-37.777609999999996,144.96832
ID704316831,14/36 Lisson Gr,1,u,560000.0,3/06/2017,1.0,1.0,0.0,49.0,-37.82694,145.03094
ID833849675,127 Elizabeth St,3,h,637000.0,18/06/2016,1.0,4.0,498.0,69.0,-37.7323,144.9833
ID944462864,1/34 Edwin St,3,h,785000.0,7/11/2016,2.0,0.0,399.0,69.0,-37.7551,145.05
ID846911344,176 Were St,5,h,1562500.0,10/09/2016,2.0,2.0,655.0,94.0,-37.9264,145.0044
ID514637372,14 Jubilee St,3,h,1060000.0,10/12/2016,1.0,4.0,600.0,119.0,-37.8472,144.8707
ID805261840,1/40 St Hellier St,2,h,757000.0,4/03/2017,2.0,2.0,275.0,89.0,-37.7494,145.0538
ID610701085,5 Rigby St,3,h,881000.0,3/06/2017,1.0,2.0,538.0,49.0,-38.07405,145.13211
ID276792291,61 Dundas St,3,h,910000.0,26/08/2017,1.0,2.0,276.0,54.0,-37.75277,145.00734
ID664479136,133 Beavers Rd,2,h,1050000.0,29/04/2017,1.0,1.0,181.0,94.0,-37.7659,144.9903
ID144198459,92 Sterling Dr,4,h,698000.0,27/05/2017,2.0,2.0,535.0,54.0,-37.740829999999995,144.85545
ID126981193,15 River Dr,3,h,725000.0,15/10/2016,1.0,4.0,606.0,7.0,-37.751999999999995,144.85399999999996
ID793478393,17 Payne St,3,h,586000.0,23/09/2017,1.0,1.0,534.0,59.0,-37.686409999999995,144.88487
ID528355777,127 Tucker Rd,4,h,1260000.0,4/03/2017,2.0,2.0,793.0,19.0,-37.9232,145.0502
ID344257070,545 Whitehorse Rd,5,h,2450000.0,27/06/2016,4.0,2.0,1076.0,99.0,-37.8141,145.0936
ID526793106,4 Kelvin Gr,2,h,944000.0,12/06/2016,1.0,1.0,185.0,119.0,-37.76300000000001,145.0025
ID780497424,68 Leila Rd,4,h,1410000.0,25/02/2017,3.0,3.0,650.0,49.0,-37.9011,145.05100000000004
ID715561838,29 Finsbury St,3,h,1100000.0,18/06/2016,2.0,0.0,179.0,119.0,-37.7857,144.9305
ID262484735,38 Alfred St,3,h,920000.0,16/04/2016,2.0,2.0,0.0,19.0,-37.8057,144.8857
ID605674126,31/41 Harrow St,2,u,465000.0,13/08/2016,2.0,1.0,0.0,9.0,-37.8216,145.127
ID964255084,11 Nareen Av,4,h,515000.0,8/07/2017,1.0,0.0,616.0,129.0,-37.65879,144.9296
ID211447040,4 Melliodora Pl,3,h,731000.0,18/06/2016,2.0,2.0,566.0,28.0,-37.7195,145.1034
ID971953765,21 Chicquita Cct,3,t,792000.0,16/09/2017,2.0,2.0,156.0,8.0,-37.979279999999996,145.0763
ID985690646,12 Coane St,3,h,960000.0,25/02/2017,1.0,2.0,641.0,69.0,-37.7253,144.938
ID540630732,81 Quinn Gr,5,h,700000.0,22/05/2016,2.0,2.0,629.0,49.0,-37.7423,144.869
ID452622179,409/216 Rouse St,2,u,665000.0,3/06/2017,2.0,1.0,1472.0,9.0,-37.840959999999995,144.93791000000004
ID675152182,37 Lewis St,3,h,1770000.0,10/09/2016,2.0,2.0,667.0,69.0,-37.9088,145.0471
ID172003287,13 Kemp Av,3,h,610000.0,8/07/2017,1.0,2.0,544.0,49.0,-37.68336,145.0029
ID511005901,9 Filbert St,3,h,1470000.0,7/05/2016,2.0,2.0,296.0,109.0,-37.8906,145.0224
ID968327765,6 Epping St,3,h,750000.0,9/09/2017,1.0,3.0,665.0,49.0,-37.70444000000001,144.95273999999995
ID963234243,4 Ashworth St,3,h,1700000.0,6/05/2017,1.0,1.0,178.0,109.0,-37.8473,144.9495
ID113065591,1/8 Louise St,2,u,712000.0,20/05/2017,1.0,1.0,36.0,49.0,-37.7926,145.0019
ID124872574,132 Cornwall Rd,3,h,910000.0,25/02/2017,2.0,2.0,653.0,27.0,-37.7815,144.8423
ID278201100,22 Waterloo Rd,3,h,1350000.0,24/06/2017,1.0,0.0,271.0,109.0,-37.7754,145.00229
ID492350721,21/659 Victoria St,2,u,550000.0,8/07/2017,1.0,1.0,1521.0,49.0,-37.8114,145.01163
ID860645522,2/36 May St,3,h,675000.0,14/05/2016,2.0,2.0,171.0,7.0,-37.8337,144.8554
ID658005693,11/5 Warner St,1,u,456000.0,6/05/2017,1.0,1.0,4721.0,59.0,-37.8515,145.0372
ID211284827,1/30 Archibald St,2,u,488000.0,14/05/2016,1.0,2.0,219.0,18.0,-37.7283,144.9331
ID987845346,15 Myalla St,2,h,570000.0,24/06/2017,1.0,2.0,567.0,69.0,-37.7877,144.84757
ID379438244,99 Merton St,3,h,1900000.0,27/05/2017,1.0,1.0,186.0,129.0,-37.84431,144.95532
ID464068145,13 Anglers Dr,4,h,600000.0,22/07/2017,2.0,2.0,500.0,6.0,-37.627559999999995,145.03364
ID829316103,14/182 Albert Rd,2,u,1500000.0,16/04/2016,2.0,2.0,0.0,15.0,-37.8369,144.968
ID816326374,16 Scenic Dr,5,h,1529500.0,17/09/2016,3.0,2.0,585.0,19.0,-37.8637,145.1024
ID912651428,3/48 Alpha St,2,u,1040000.0,24/09/2016,1.0,1.0,250.0,24.0,-37.7996,145.0959
ID299065580,73a Victoria St,4,h,2075000.0,6/05/2017,3.0,2.0,324.0,10.0,-37.8622,144.8884
ID318367511,14A Supply Dr,2,h,452500.0,27/05/2017,1.0,1.0,279.0,34.0,-37.65791,145.02643
ID869851854,6 The Mews,3,h,400000.0,8/07/2017,1.0,1.0,301.0,21.0,-38.0457,145.27395
ID897486050,18 Metung St,5,h,3600000.0,10/12/2016,3.0,2.0,678.0,16.0,-37.8063,145.0705
ID649862095,16A Madden St,3,h,798000.0,12/08/2017,2.0,2.0,159.0,9.0,-37.78974,144.88143
ID649044700,7 High St,3,h,780000.0,4/03/2017,1.0,0.0,486.0,76.0,-37.7886,144.8438
ID566771661,48 Smith Av,4,h,1630000.0,3/09/2017,3.0,2.0,400.0,49.0,-37.86338,144.88322
ID185675607,4/51 Yarra St,2,t,705000.0,6/08/2016,1.0,1.0,182.0,46.0,-37.7587,145.0657
ID930523321,2/7 Murra Ct,3,h,860000.0,17/06/2017,2.0,2.0,280.0,29.0,-37.87105,145.10198
ID576745801,40 Howard St,3,h,740000.0,25/02/2017,1.0,2.0,333.0,69.0,-37.7889,144.8787
ID386501605,90 Bent St,4,h,1400000.0,29/07/2017,2.0,1.0,375.0,89.0,-37.762609999999995,144.93249
ID415138499,26 Northumberland Rd,2,h,855000.0,26/07/2016,1.0,2.0,659.0,70.0,-37.7286,144.9317
ID371116612,1/39 Alexandra St,2,u,610000.0,15/07/2017,1.0,1.0,168.0,34.0,-37.708009999999994,145.10689
ID706705423,1/3 Gleniffer Av,2,u,585000.0,8/07/2017,1.0,1.0,0.0,69.0,-37.931709999999995,145.03041000000005
ID327295848,10 Crawford St,1,h,643700.0,28/08/2016,1.0,0.0,129.0,119.0,-37.8491,144.8903
ID560777372,5/3 Lennox St,2,u,420000.0,10/09/2016,1.0,1.0,0.0,69.0,-37.7701,144.9079
ID185675607,4/51 Yarra St,2,t,705000.0,6/08/2016,1.0,1.0,182.0,46.0,-37.7587,145.0657
ID313385827,44/2 Horizon Dr,2,u,495000.0,18/03/2017,2.0,2.0,37000.0,39.0,-37.7752,144.8925
ID635273178,131 Chambers Rd,3,h,730000.0,22/07/2017,1.0,1.0,276.0,54.0,-37.827870000000004,144.84364
ID641817166,2/56 View St,3,t,667500.0,12/11/2016,2.0,2.0,167.0,69.0,-37.7228,144.928
ID915235996,31 Hardwick St,3,h,885000.0,18/06/2016,1.0,2.0,255.0,99.0,-37.7493,144.9701
ID167085090,34 Lincoln Rd,3,h,1400000.0,13/05/2017,1.0,1.0,578.0,54.0,-37.7526,144.9089
ID369365777,15 Ormond St,4,h,1675000.0,7/05/2016,2.0,2.0,279.0,17.0,-37.797,144.9303
ID409103527,3/11 Lincoln Pl,2,h,1177000.0,18/03/2017,2.0,2.0,521.0,19.0,-37.8543,144.9939
ID512485039,24 Centaurus Av,3,h,393200.0,29/07/2017,1.0,1.0,400.0,49.0,-37.62464,144.9345
ID154137648,2/5 McDowell St,2,u,540000.0,26/08/2017,1.0,1.0,208.0,24.0,-37.70791,145.09575
ID513931096,330 Balaclava Rd,4,h,1300000.0,20/05/2017,1.0,1.0,443.0,54.0,-37.8738,145.0349
ID556059893,28 Moubray St,2,h,2015000.0,3/06/2017,1.0,2.0,178.0,129.0,-37.84098,144.95115
ID246171645,6/76 Bay Rd,2,u,643500.0,1/07/2017,1.0,1.0,0.0,49.0,-37.95236,145.00737
ID171849694,117 Barkly St,2,h,975000.0,26/08/2017,1.0,1.0,159.0,21.0,-37.77726,144.97247
ID125516472,26 Wyalong St,3,h,800000.0,8/04/2017,2.0,5.0,689.0,68.0,-37.7776,144.8167
ID169932632,2/4 Lyons St,2,u,547500.0,24/09/2016,1.0,1.0,0.0,39.0,-37.8612,144.8971
ID202799853,310/330 Lygon St,2,u,445000.0,27/06/2016,1.0,1.0,0.0,119.0,-37.7685,144.9724
ID650678611,60 Gibdon St,2,h,1005000.0,3/12/2016,1.0,0.0,0.0,24.0,-37.8301,145.0103
ID985259593,9 Rogerson St,3,h,750000.0,3/09/2016,1.0,1.0,0.0,39.0,-37.7634,144.8611
ID541925706,34 Cobden St,2,h,1275000.0,19/11/2016,1.0,0.0,381.0,3.0,-37.8033,145.036
ID133412554,16 Bamfield Rd,2,t,565000.0,6/08/2016,2.0,1.0,201.0,12.0,-37.7426,145.0556
ID370725973,85 Roseneath St,2,h,1105000.0,8/10/2016,1.0,1.0,185.0,109.0,-37.7927,144.9981
ID254046289,2/64 Cawkwell St,2,u,635000.0,8/10/2016,1.0,1.0,0.0,49.0,-37.8537,145.041
ID527514658,14 Arthur St,3,h,771000.0,20/05/2017,1.0,0.0,556.0,69.0,-37.7904,144.8514
ID232100360,17 Cohuna St,2,h,1150000.0,29/07/2017,1.0,1.0,539.0,79.0,-37.77279,144.94069
ID577336818,2 Kinkora Ct,3,h,755000.0,22/07/2017,2.0,2.0,197.0,14.0,-37.92285,145.18549
ID235130219,3/51 Coorigil Rd,3,u,1042000.0,27/05/2017,2.0,2.0,0.0,11.0,-37.89622,145.06032
ID752528703,14 Ashwood Av,4,h,1550000.0,9/09/2017,2.0,2.0,613.0,59.0,-37.94957,145.0246
ID476957888,3/217 Dandenong Rd,2,u,854000.0,22/04/2017,1.0,1.0,774.0,74.0,-37.8582,144.9979
ID271121529,5/6 Tivoli Pl,2,u,863000.0,4/03/2017,2.0,1.0,742.0,69.0,-37.8357,144.9867
ID866049959,19/877 Punt Rd,1,u,360000.0,12/11/2016,1.0,1.0,0.0,49.0,-37.8339,144.9872
ID222553306,2/953 High St,2,h,555000.0,11/02/2017,1.0,2.0,229.0,49.0,-37.71,145.0082
ID321707284,28 Osborne St,3,h,855000.0,8/10/2016,1.0,1.0,229.0,89.0,-37.7622,144.9586
ID309177360,2/147 Willsmere Rd,3,h,972500.0,16/04/2016,2.0,2.0,0.0,49.0,-37.7925,145.0389
ID297194573,9 Derby St,5,h,2250000.0,28/08/2016,5.0,1.0,639.0,9.0,-37.8303,145.0668
ID734680283,25 Arawatta St,2,h,817500.0,16/04/2016,1.0,1.0,211.0,17.0,-37.8856,145.0599
ID623571760,16a Nicholas St,3,h,1100000.0,8/10/2016,3.0,2.0,276.0,15.0,-37.8699,145.0778
ID785341627,33 Eamon Dr,4,h,1115000.0,1/07/2017,2.0,2.0,592.0,15.0,-37.73789,145.08952
ID295852642,43 Robert St,1,h,1310000.0,27/05/2017,1.0,1.0,604.0,20.0,-37.759809999999995,145.08598999999995
ID122562040,15 Ronald St,3,h,655000.0,3/12/2016,1.0,0.0,404.0,69.0,-37.7305,144.9803
ID834049268,5/11 Johnstone St,1,u,365000.0,6/05/2017,1.0,1.0,0.0,59.0,-37.8691,145.0345
ID353554749,36 Matthews St,5,h,895000.0,7/05/2016,2.0,2.0,690.0,59.0,-37.7933,144.8408
ID719674409,13 Zeal St,2,h,1225000.0,9/09/2017,1.0,2.0,501.0,89.0,-37.75772,144.94349
ID739146772,61 Rachelle Rd,4,h,1420000.0,12/11/2016,2.0,2.0,613.0,8.0,-37.7453,144.8721
ID346189000,5 Pamela Ct,4,h,653000.0,3/06/2017,1.0,4.0,632.0,6.0,-37.68136,144.99479
ID675502384,6/374 Dandenong Rd,2,u,610000.0,22/07/2017,1.0,1.0,816.0,12.0,-37.86068,145.01121
ID814075771,2/859 Toorak Rd,3,t,1465000.0,3/06/2017,2.0,2.0,265.0,9.0,-37.84506,145.05246
ID810550478,7/85 Caroline St,1,u,420000.0,22/07/2017,1.0,1.0,0.0,59.0,-37.83547,144.98844
ID467289527,1/285 Thompsons Rd,4,t,1010000.0,3/06/2017,3.0,2.0,332.0,6.0,-37.76577,145.10728999999995
ID935387286,115 North Rd,3,h,1046000.0,15/10/2016,2.0,2.0,284.0,129.0,-37.8446,144.8861
ID332159478,14 Haldane Rd,3,h,1020000.0,25/02/2017,1.0,1.0,650.0,69.0,-37.7352,144.8845
ID778241451,12/1051 Pascoe Vale Rd,2,t,390000.0,1/07/2017,1.0,1.0,165.0,24.0,-37.68582,144.91638
ID402455618,29 Cluden St,4,h,1706000.0,17/09/2016,3.0,2.0,538.0,104.0,-37.9126,145.011
ID158765235,2/96 Cooper St,3,h,911000.0,4/02/2016,2.0,2.0,225.0,11.0,-37.7454,144.8987
ID132468578,10 Yarrabin St,3,h,810000.0,7/11/2016,1.0,2.0,349.0,69.0,-37.7589,144.9368
ID139094695,60 Speight St,3,h,891500.0,22/08/2016,1.0,0.0,344.0,99.0,-37.8424,144.8754
ID376864371,2/963 High St,2,u,323000.0,16/04/2016,1.0,1.0,0.0,59.0,-37.7093,145.0084
ID381255302,130 Rathdowne St,4,h,1616000.0,25/02/2017,1.0,0.0,152.0,129.0,-37.7966,144.9709
ID879194673,100 Perry St,2,h,1010000.0,22/08/2016,1.0,1.0,285.0,4.0,-37.774,145.0244
ID877264183,4/32 Crookston Rd,2,u,440000.0,22/08/2016,1.0,1.0,153.0,12.0,-37.7098,145.0211
ID510746683,84 Dalny Rd,3,t,1100000.0,4/06/2016,2.0,2.0,242.0,14.0,-37.9017,145.0739
ID956386852,43 Ohea St,4,h,955000.0,3/12/2016,2.0,1.0,295.0,9.0,-37.7374,144.9617
ID797976872,78 Emo Rd,4,h,2355000.0,3/12/2016,2.0,3.0,0.0,104.0,-37.8755,145.0523
ID569426719,4a Downing St,3,h,620000.0,26/07/2016,3.0,2.0,221.0,8.0,-37.7708,144.8401
ID119500200,2/62 Selwyn St,3,u,600000.0,20/05/2017,1.0,1.0,181.0,19.0,-37.7815,144.8128
ID357024080,10 Merryn Cl,3,h,680000.0,17/06/2017,1.0,1.0,539.0,49.0,-37.68274,145.05832
ID580845133,4 Lee Ct,3,h,1000000.0,19/08/2017,1.0,1.0,715.0,44.0,-37.82707,145.22914
ID364793743,14/8 Mawbey St,1,u,390000.0,8/07/2017,1.0,1.0,0.0,19.0,-37.79023,144.92335
ID125464419,1281B Dandenong Rd,4,h,1215000.0,4/03/2017,2.0,2.0,207.0,104.0,-37.8845,145.072
ID354046302,1/1 Clarendon St,3,t,670000.0,29/07/2017,2.0,2.0,159.0,3.0,-37.78502,144.86733
ID870797919,45 Cityview Rd,4,h,1750000.0,6/08/2016,3.0,3.0,667.0,6.0,-37.7898,145.079
ID394675270,6/16 Walsh St,2,u,437500.0,8/04/2017,1.0,1.0,0.0,49.0,-37.9023,145.0461
ID332677189,3/56 Beach Rd,2,u,738000.0,26/07/2016,1.0,2.0,3414.0,12.0,-37.9395,145.0001
ID996183282,39 Barry St,3,h,1710000.0,4/06/2016,1.0,1.0,247.0,129.0,-37.7798,144.9952
ID632577079,2/61 Black St,2,u,800000.0,16/04/2016,1.0,1.0,131.0,99.0,-37.9164,145.0002
ID950937245,14/378 Dandenong Rd,2,u,742500.0,29/04/2017,2.0,1.0,0.0,8.0,-37.8607,145.0116
ID256337627,122 Glengala Rd,3,h,587000.0,22/08/2016,1.0,1.0,694.0,44.0,-37.7892,144.8137
ID851980230,27 Beuron Rd,3,h,1001000.0,16/09/2017,1.0,2.0,667.0,119.0,-37.828720000000004,144.84558
ID490495004,12 Morang Rd,3,h,1980000.0,27/11/2016,2.0,1.0,151.0,18.0,-37.8219,145.0241
ID743169474,4/24 Highbury Gr,2,u,525000.0,14/05/2016,1.0,1.0,0.0,49.0,-37.8054,145.0373
ID308954197,1 Webb St,3,h,1250000.0,3/12/2016,1.0,1.0,662.0,19.0,-37.8561,145.1054
ID555586368,2/36 Swayfield Rd,3,t,1011000.0,3/06/2017,2.0,2.0,297.0,18.0,-37.8605,145.12853
ID967041550,44 Spring St,1,h,860000.0,22/04/2017,1.0,0.0,108.0,114.0,-37.8508,145.0051
ID299435326,2/16 Odowd St,3,u,645000.0,4/03/2017,1.0,2.0,280.0,17.0,-37.7183,145.0164
ID902779249,311/13 Wellington St,2,u,470000.0,26/07/2016,1.0,1.0,0.0,139.0,-37.8562,144.9844
ID599499017,30 Cromwell St,4,h,1065000.0,17/06/2017,2.0,2.0,816.0,53.0,-37.723079999999996,145.14011000000005
ID938122448,39 Elizabeth St,3,h,930000.0,10/09/2016,1.0,1.0,307.0,99.0,-37.8389,144.8779
ID482154747,1/16 Brady Rd,3,t,817000.0,24/06/2017,1.0,2.0,332.0,59.0,-37.93462,145.06562
ID204734816,17 Fairview St,5,h,5510000.0,3/06/2017,2.0,5.0,820.0,48.0,-37.83031,145.02973
ID465294147,77B Fromer St,3,t,1235000.0,18/03/2017,2.0,2.0,0.0,7.0,-37.9289,145.0478
ID182937249,98 Crookston Rd,3,h,906000.0,3/09/2017,1.0,2.0,741.0,69.0,-37.709309999999995,145.01434
ID211770463,2/139 Union St,2,u,480000.0,22/04/2017,1.0,1.0,557.0,59.0,-37.7732,144.951
ID944196767,2/61 Moonya Rd,2,h,675000.0,16/04/2016,1.0,1.0,0.0,51.0,-37.8973,145.0625
ID304869657,1/25 Murray Rd,3,u,820000.0,22/05/2016,2.0,1.0,238.0,21.0,-37.9062,145.02700000000004
ID522772419,25/52 Fitzroy St,1,u,392000.0,12/11/2016,1.0,1.0,0.0,17.0,-37.8599,144.9766
ID685254661,28 Martin Rd,3,h,1601000.0,20/05/2017,1.0,2.0,453.0,89.0,-37.8487,145.0592
ID558474868,34 Border Dr,3,h,710000.0,9/09/2017,2.0,2.0,585.0,99.0,-37.65027,145.06136
ID251163694,10 Dawe Ct,3,h,515000.0,3/06/2017,1.0,2.0,565.0,22.0,-37.868520000000004,144.68039
ID941115403,6 Riverside Av,3,h,840000.0,16/09/2017,2.0,2.0,725.0,49.0,-37.72465,144.8359
ID692977104,48 Charles St,2,h,1343000.0,6/05/2017,1.0,1.0,263.0,7.0,-37.777,144.99200000000005
ID191435540,141 Atherton Rd,4,h,1600000.0,29/04/2017,3.0,4.0,691.0,69.0,-37.8999,145.0993
ID705289474,1/109 Arden St,2,u,665500.0,27/11/2016,2.0,1.0,0.0,7.0,-37.8009,144.9471
ID773587722,3/197 Wattletree Rd,5,h,2325000.0,25/02/2017,3.0,2.0,501.0,13.0,-37.8631,145.0353
ID436286758,50 Albion Cr,4,h,770000.0,29/07/2017,2.0,2.0,789.0,44.0,-37.696459999999995,145.12163
ID980966886,1 Avenue Victoria,3,h,2040000.0,27/06/2016,1.0,2.0,783.0,69.0,-37.8234,145.0526
ID243666453,12 Walpa Ct,3,h,616000.0,9/09/2017,1.0,3.0,681.0,18.0,-37.673320000000004,144.9022
ID939484700,14/21 Lillimur Rd,2,u,435000.0,10/09/2016,1.0,1.0,0.0,69.0,-37.9016,145.0414
ID617542411,27 The Strand,2,h,1250000.0,1/07/2017,1.0,1.0,450.0,125.0,-37.76121,144.92525
ID659673146,11 Inglisby Rd,4,h,2320000.0,1/07/2017,2.0,5.0,728.0,3.0,-37.81402,145.10336
ID499666964,64 MacEdon Rd,4,h,1358500.0,28/08/2016,2.0,2.0,742.0,59.0,-37.7701,145.1131
ID604697589,658 Lygon St,2,h,880000.0,18/06/2016,1.0,0.0,142.0,49.0,-37.7911,144.9688
ID348386775,15 Miles St,3,h,1100000.0,4/06/2016,2.0,2.0,0.0,94.0,-37.922,145.0302
ID912308554,2/619 Toorak Rd,2,u,1140000.0,15/07/2017,2.0,2.0,586.0,29.0,-37.842659999999995,145.02355
ID679819345,1 John St,2,h,730000.0,22/05/2016,1.0,1.0,103.0,14.0,-37.7898,144.9957
ID468470988,28 Ferndale Rd,3,h,2200000.0,25/02/2017,1.0,2.0,700.0,89.0,-37.8553,145.0711
ID991700862,29 Gillespie Rd,3,h,626000.0,19/08/2017,1.0,2.0,557.0,34.0,-37.734970000000004,144.7864
ID376933377,1/64 Lower Plenty Rd,2,u,675000.0,3/06/2017,1.0,1.0,247.0,59.0,-37.74427,145.06293
ID852988553,35 Shepherd St,3,h,840000.0,16/09/2017,1.0,2.0,620.0,59.0,-37.78311,144.85331000000005
ID960606576,8a Glengala Rd,3,h,622500.0,24/09/2016,1.0,1.0,534.0,49.0,-37.7887,144.8231
ID627347777,9 Willow Dr,3,h,850000.0,18/03/2017,1.0,2.0,766.0,20.0,-37.7522,144.8518
ID429902808,114 Warwick Rd,3,h,503000.0,27/06/2016,1.0,1.0,251.0,74.0,-37.7682,144.8335
ID679599048,5 Athol Ct,3,h,650000.0,12/08/2017,3.0,2.0,1060.0,19.0,-38.15752,145.19127
ID610885983,24b Munro St,3,h,1302500.0,6/08/2016,2.0,2.0,0.0,26.0,-37.9166,144.9942
ID958388461,1 Griffiths St,2,h,1105000.0,22/08/2016,2.0,1.0,55.0,26.0,-37.8159,145.0033
ID994581725,24 Perry St,3,h,1001000.0,16/07/2016,1.0,1.0,256.0,109.0,-37.8086,144.8927
ID533674939,20 Butler St,3,h,1000000.0,8/07/2017,2.0,2.0,213.0,19.0,-37.74635,144.9229
ID847237508,303/3 Clara St,1,u,330000.0,30/07/2016,1.0,1.0,0.0,8.0,-37.8421,144.9978
ID152992783,9 Mason Av,3,h,1400000.0,9/09/2017,2.0,2.0,225.0,129.0,-37.87614,144.99081
ID359756068,14 Wheatsheaf Rd,3,t,720000.0,29/04/2017,2.0,3.0,300.0,6.0,-37.7098,144.9266
ID616052848,1 Tweed St,4,h,1090000.0,8/07/2017,1.0,2.0,894.0,69.0,-37.8159,145.24688
ID808729009,4 Robinson Gr,5,h,1730000.0,13/05/2017,4.0,4.0,564.0,64.0,-37.7735,145.0936
ID171988796,29 Speight St,2,h,1000000.0,24/06/2017,1.0,2.0,443.0,59.0,-37.762190000000004,145.00968
ID893261101,4/799 Burwood Rd,2,u,420000.0,4/03/2017,1.0,1.0,0.0,49.0,-37.8245,145.0527
ID775475841,2/26 Vernon St,4,h,875000.0,1/07/2017,2.0,2.0,244.0,25.0,-37.80267,145.27569
ID337483455,15 Wright St,3,h,1045000.0,28/05/2016,1.0,1.0,429.0,89.0,-37.7453,144.9183
ID295905254,11 Salisbury St,3,h,935000.0,29/04/2017,1.0,2.0,666.0,59.0,-37.7015,144.9191
ID486122290,4/38 Alma St,2,u,650000.0,27/05/2017,2.0,2.0,248.0,24.0,-37.72473,145.11657
ID281204920,78 Hope St,2,h,2210000.0,3/06/2017,2.0,1.0,187.0,129.0,-37.83554,144.97956000000005
ID554325341,95 Wanda St,4,h,1001000.0,12/08/2017,2.0,7.0,771.0,4.0,-37.92862,145.16664
ID855855013,132 Templewood Cr,3,h,1107500.0,8/07/2017,3.0,1.0,668.0,5.0,-37.75962,144.86675
ID527381507,1/1 Clarendon St,3,t,675000.0,22/04/2017,2.0,2.0,159.0,3.0,-37.785,144.8673
ID636112486,98 Heath St,2,h,1400000.0,25/02/2017,1.0,1.0,168.0,85.0,-37.8346,144.9453
ID536536976,476 Brunswick St,2,h,1200000.0,6/05/2017,1.0,0.0,204.0,8.0,-37.7925,144.9797
ID552618909,12 Belmore Rd,5,h,2580000.0,23/09/2017,5.0,2.0,621.0,10.0,-37.80199,145.06486
ID169299193,22 Fenfield St,3,h,678000.0,16/04/2016,1.0,2.0,606.0,69.0,-37.8608,144.8124
ID223279944,14/129 Kambrook Rd,2,u,655000.0,13/05/2017,1.0,1.0,0.0,54.0,-37.8806,145.0346
ID694845258,4/66 Alma Rd,2,u,535000.0,19/11/2016,1.0,1.0,0.0,6.0,-37.861,144.9891
ID754146548,42 Kellett St,3,h,1760000.0,22/05/2016,2.0,2.0,403.0,99.0,-37.7673,145.0081
ID512559476,5 Davidson St,4,h,951000.0,26/08/2017,1.0,1.0,654.0,59.0,-37.75399,145.03606000000005
ID696643995,4/36 Acacia St,2,t,488500.0,27/06/2016,2.0,1.0,190.0,64.0,-37.7072,144.9241
ID493488532,7/72 Williams Rd,2,u,550000.0,13/05/2017,1.0,1.0,72.0,43.0,-37.8542,145.0024
ID815801472,108 Mason St,4,t,820000.0,27/06/2016,2.0,2.0,753.0,13.0,-37.8413,144.8741
ID417536296,79 Delbridge St,4,h,3400000.0,14/05/2016,2.0,1.0,445.0,129.0,-37.786,144.9864
ID445939723,6 Exeter Cl,4,h,1222000.0,27/11/2016,2.0,4.0,732.0,59.0,-37.7704,145.1247
ID654741697,6/17 Silver St,3,h,655000.0,8/07/2017,1.0,2.0,197.0,10.0,-37.71613,145.13939
ID293407224,52 Stawell St,3,h,841000.0,19/11/2016,1.0,3.0,385.0,99.0,-37.734,144.9603
ID699363411,6 Harwood St,4,h,3100000.0,19/08/2017,4.0,4.0,753.0,13.0,-37.89293,144.99138
ID260060428,1 Stanlake St,4,h,1300000.0,10/12/2016,2.0,3.0,0.0,69.0,-37.7923,144.8848
ID121078707,14/59 Riversdale Rd,2,u,450000.0,1/07/2017,1.0,1.0,1540.0,54.0,-37.82824,145.03136999999995
ID415923701,11 Jindalee Cl,5,h,870000.0,1/07/2017,2.0,2.0,733.0,33.0,-37.91894,145.24305
ID295593356,41 Gear St,2,t,690000.0,20/05/2017,1.0,1.0,3886.0,8.0,-37.7762,144.9771
ID909157999,6 Prefect St,4,h,1715000.0,18/06/2016,3.0,2.0,650.0,18.0,-37.7363,144.9208
ID687460392,53 Mater St,2,h,1080000.0,22/07/2017,1.0,0.0,0.0,129.0,-37.79589,144.98863
ID570202047,6 Ridley Av,3,h,720000.0,8/07/2017,1.0,1.0,582.0,54.0,-37.76063,144.8603
ID439595890,4/425 Station St,4,h,880000.0,4/03/2017,2.0,2.0,206.0,16.0,-37.828,145.1215
ID507967498,414/99 Dow St,2,u,845000.0,7/05/2016,2.0,2.0,2166.0,29.0,-37.8415,144.9412
ID162358422,74 Bridport St,3,h,2800000.0,30/07/2016,3.0,1.0,0.0,129.0,-37.8399,144.9577
ID644915190,2/96 Porter Rd,3,h,740600.0,4/06/2016,2.0,2.0,337.0,89.0,-37.7375,145.0586
ID246501432,10/11 Grandview Gr,2,u,550000.0,12/11/2016,1.0,1.0,0.0,52.0,-37.8222,145.0566
ID699399797,1 Emslie St,3,h,555000.0,22/08/2016,1.0,1.0,836.0,44.0,-37.8003,144.8097
ID183165406,9 Durham St,1,h,985000.0,30/07/2016,1.0,0.0,81.0,119.0,-37.8411,144.9497
ID482837270,158 Queen St,3,h,520000.0,3/09/2016,2.0,1.0,352.0,4.0,-37.87,144.825
ID113191206,53 Greenhill Rd,4,h,950000.0,26/08/2017,2.0,3.0,795.0,2.0,-37.69594,145.11733999999996
ID924758181,173 Queen St,3,h,1335000.0,8/10/2016,1.0,4.0,777.0,66.0,-37.8697,144.8249
ID563989834,22 Glass St,3,h,1301000.0,3/06/2017,1.0,1.0,163.0,29.0,-37.82434,145.00489
ID332974661,96b Cheddar Rd,4,h,678500.0,13/05/2017,1.0,2.0,606.0,59.0,-37.6987,145.0203
ID375202955,2/33 Ashley St,2,t,380000.0,12/11/2016,1.0,1.0,83.0,9.0,-37.7171,145.0019
ID430529293,162 Anderson Rd,3,h,550000.0,24/09/2016,1.0,1.0,583.0,59.0,-37.6949,144.9619
ID171696606,5 Margaret St,2,h,1780000.0,7/05/2016,3.0,2.0,635.0,84.0,-37.9205,145.0102
ID730691309,199 Buckley St,2,h,665000.0,13/05/2017,1.0,0.0,269.0,119.0,-37.8026,144.8882
ID778362570,2/1021 Toorak Rd,2,u,590000.0,18/03/2017,1.0,1.0,0.0,49.0,-37.847,145.0672
ID804334374,1/3 Clovelly Ct,2,u,751000.0,24/09/2016,1.0,1.0,711.0,54.0,-37.8144,145.0328
ID717715682,6 Clarke St,3,h,1050000.0,15/10/2016,1.0,0.0,158.0,109.0,-37.7756,144.9891
ID364337473,1 Tamar Dr,4,h,355000.0,3/06/2017,2.0,1.0,766.0,39.0,-37.69791,144.5807
ID889685027,7 Mitchell Ct,2,h,650000.0,27/05/2017,1.0,2.0,650.0,59.0,-37.69712,144.91949
ID877142417,41 Glengyle St,3,h,1326000.0,9/09/2017,1.0,2.0,524.0,129.0,-37.75392,144.97468999999995
ID642897260,26 Salisbury Gr,4,h,1900000.0,1/07/2017,2.0,2.0,313.0,8.0,-37.76501,145.00269
ID388090373,9/21 Doncaster East Rd,3,t,973000.0,12/08/2017,2.0,2.0,323.0,7.0,-37.8099,145.19506
ID402485288,43 Godfrey St,5,h,1900000.0,25/02/2017,2.0,2.0,567.0,93.0,-37.9144,145.0401
ID740752927,76 Daley St,2,h,605000.0,16/09/2017,1.0,6.0,589.0,39.0,-37.69708,144.92967
ID469834641,38 Soudan St,3,h,835000.0,27/11/2016,1.0,1.0,459.0,139.0,-37.7388,144.9529
ID891185186,9/45 Coorigil Rd,2,u,380000.0,19/11/2016,1.0,1.0,0.0,9.0,-37.8957,145.0599
ID665267958,10 Cowper St,4,h,1291000.0,8/04/2017,2.0,2.0,521.0,74.0,-37.7372,144.9022
ID921704369,7/13 Stephen St,2,u,501344.0,13/08/2016,1.0,1.0,0.0,69.0,-37.8106,144.8957
ID336278131,1/73 Chute St,4,h,920000.0,24/06/2017,2.0,2.0,413.0,44.0,-37.99906,145.09386
ID736753027,16 Gavin St,3,h,537000.0,18/03/2017,1.0,2.0,600.0,44.0,-37.6876,144.9095
ID582160214,2/61 Canterbury Rd,2,u,535000.0,4/06/2016,1.0,1.0,760.0,89.0,-37.8474,144.9625
ID204149834,40 Gadd St,4,h,1955000.0,12/08/2017,2.0,1.0,5.0,36.0,-37.7628,144.99375
ID301110604,3/44 Walsh St,3,u,2400000.0,3/06/2017,2.0,1.0,0.0,79.0,-37.8369,144.98514
ID377520208,18 Boase St,2,h,700000.0,3/06/2017,1.0,1.0,61.0,12.0,-37.766,144.96076000000005
ID193226758,461 Buckley St,3,h,787500.0,12/11/2016,1.0,1.0,556.0,79.0,-37.7537,144.8856
ID799284879,8 Mitchell St,4,h,1340000.0,8/07/2017,1.0,3.0,697.0,99.0,-37.78352,144.88981
ID240955153,2 Wallingford Pl,3,h,755000.0,15/07/2017,2.0,2.0,551.0,16.0,-37.94266,145.24662
ID768452153,69 Jensen Rd,3,h,1072500.0,9/09/2017,1.0,2.0,588.0,53.0,-37.73787,145.0229
ID508022688,13 Gordon St,3,h,1398000.0,8/07/2017,2.0,1.0,445.0,59.0,-37.756209999999996,144.93401
ID421678463,103/677 Glen Huntly Rd,2,u,638000.0,19/11/2016,2.0,1.0,0.0,59.0,-37.8862,145.0175
ID917503493,102/95 Ormond Rd,1,u,490000.0,29/04/2017,1.0,1.0,0.0,17.0,-37.8852,144.9877
ID429543235,3 Aperture St,3,h,815000.0,18/06/2016,2.0,2.0,376.0,49.0,-37.7295,144.982
ID123460157,73 Nurlendi Rd,4,h,1263500.0,26/08/2017,2.0,2.0,791.0,49.0,-37.84467,145.19276000000005
ID882292498,7/19 Hawthorn Rd,2,u,520500.0,13/08/2016,1.0,1.0,0.0,49.0,-37.8681,145.0258
ID882292498,7/19 Hawthorn Rd,2,u,520500.0,13/08/2016,1.0,1.0,0.0,49.0,-37.8681,145.0258
ID491654075,9 Summerhill Rd,3,h,1890000.0,3/06/2017,1.0,2.0,554.0,94.0,-37.84949,145.07726
ID947869676,21/33 Murphy St,2,u,803000.0,22/05/2016,1.0,1.0,0.0,89.0,-37.8374,144.9903
ID384848440,260 Union Rd,3,h,1750000.0,12/08/2017,3.0,1.0,790.0,93.0,-37.813629999999996,145.09942
ID358689391,8/366 Melrose Dr,2,t,355000.0,3/06/2017,1.0,1.0,108.0,44.0,-37.68837,144.87122
ID755153378,607/140 Swan St,2,u,662500.0,19/11/2016,1.0,1.0,0.0,4.0,-37.8255,144.9948
ID462718651,48 Turner Rd,2,h,832000.0,3/09/2017,1.0,1.0,254.0,34.0,-37.951879999999996,145.05369
ID805814582,3 Rose St,2,t,1470000.0,29/04/2017,1.0,1.0,238.0,14.0,-37.8985,145.0048
ID402669727,2 Trentham St,5,h,2220000.0,9/09/2017,3.0,1.0,545.0,94.0,-37.949529999999996,145.00607
ID741063223,1206/483 Swanston St,2,u,520000.0,19/11/2016,1.0,1.0,4051.0,14.0,-37.8072,144.9623
ID967477869,3 Arkle St,3,h,1811000.0,22/08/2016,2.0,1.0,273.0,129.0,-37.8544,145.0038
ID124765214,5 Charles St,4,h,2010000.0,10/12/2016,2.0,2.0,659.0,89.0,-37.8509,145.0916
ID446130050,53 Moonya Rd,4,h,1423000.0,19/11/2016,3.0,4.0,838.0,54.0,-37.8972,145.0617
ID134376330,2 Head St,3,h,1400000.0,26/07/2016,1.0,2.0,656.0,19.0,-37.7373,144.9217
ID252397250,10 Murphy St,4,h,965000.0,15/10/2016,1.0,4.0,851.0,59.0,-37.8345,144.8444
ID387835285,70 Barrett St,3,h,2575000.0,15/10/2016,2.0,1.0,228.0,19.0,-37.8445,144.9501
ID476385015,18B Orchard Rd,3,t,640000.0,1/07/2017,2.0,1.0,187.0,9.0,-37.83909,145.26075
ID743741958,14A Kernot St,3,h,775000.0,25/02/2017,1.0,1.0,435.0,19.0,-37.8279,144.873
ID251163694,10 Dawe Ct,3,h,515000.0,3/06/2017,1.0,2.0,565.0,22.0,-37.868520000000004,144.68039
ID412306491,35A Russell St,3,h,1385000.0,1/07/2017,2.0,1.0,385.0,26.0,-37.82886,145.10093
ID822439510,72 Bath Rd,3,h,1300000.0,19/08/2017,1.0,2.0,403.0,59.0,-37.855740000000004,145.09051000000005
ID605315857,57 Cratloe Rd,3,h,1360000.0,17/06/2017,2.0,2.0,710.0,59.0,-37.8622,145.12563
ID309465141,9 Finton Cl,4,h,1214000.0,23/09/2017,2.0,2.0,694.0,79.0,-37.8893,145.18747
ID811604963,243 Moreland Rd,3,h,1370000.0,4/03/2017,1.0,1.0,233.0,129.0,-37.7549,144.9611
ID208879326,1/5 Emmaline St,2,u,460000.0,22/05/2016,1.0,1.0,0.0,10.0,-37.7641,144.9958
ID323802438,3 Sybil St,3,h,1335000.0,26/08/2017,1.0,1.0,625.0,62.0,-37.94027,145.03593
ID181371488,79 North Rd,4,h,900000.0,3/09/2017,1.0,4.0,646.0,69.0,-37.723279999999995,145.01862
ID684732441,4/32 Montgomery St,3,u,720000.0,12/08/2017,1.0,1.0,146.0,89.0,-37.75132,145.05331
ID441420530,2/8 Hughes St,2,h,630000.0,8/10/2016,1.0,1.0,148.0,16.0,-37.821999999999996,144.89
ID832808575,3/477 Kooyong Rd,3,t,1071000.0,16/04/2016,2.0,2.0,179.0,19.0,-37.8961,145.0125
ID303747272,33 Bedford St,3,h,860000.0,23/09/2017,2.0,2.0,593.0,5.0,-37.72057,144.87558
ID618099050,217 Westgarth St,2,h,780000.0,16/09/2017,1.0,1.0,242.0,99.0,-37.782540000000004,145.01013999999995
ID430219124,3 Hodgkinson St,3,h,1360000.0,27/06/2016,1.0,0.0,118.0,139.0,-37.7921,144.9858
ID158765235,2/96 Cooper St,3,h,911000.0,4/02/2016,2.0,2.0,225.0,11.0,-37.7454,144.8987
ID667122521,50 Davies St,2,h,830000.0,16/04/2016,1.0,1.0,319.0,119.0,-37.7572,144.9686
ID401050667,2/20 Wetherby Rd,2,u,492500.0,3/09/2016,1.0,1.0,65.0,44.0,-37.7887,145.1438
ID538445778,5 Charlotte St,2,h,1000000.0,19/11/2016,1.0,2.0,159.0,139.0,-37.7962,144.9887
ID295852642,43 Robert St,1,h,1310000.0,27/05/2017,1.0,1.0,604.0,20.0,-37.759809999999995,145.08598999999995
ID291487501,9/25 Derby St,2,u,557000.0,24/09/2016,1.0,1.0,0.0,27.0,-37.8034,145.0369
ID661586854,162 Bastings St,3,h,2160000.0,27/11/2016,2.0,1.0,338.0,99.0,-37.7757,145.0119
ID462831544,2/16 Westbrook St,3,t,820000.0,20/05/2017,2.0,2.0,213.0,7.0,-37.8827,145.0942
ID419220882,37 Dunstan Ave,3,h,905000.0,19/08/2017,1.0,1.0,277.0,39.0,-37.7592,144.97321000000005
ID865637689,8 Fairmount Rd,2,h,1320000.0,13/05/2017,1.0,3.0,325.0,49.0,-37.8355,145.04399999999995
ID313587620,249 Sussex St,3,h,600000.0,18/03/2017,1.0,3.0,490.0,36.0,-37.7195,144.9513
ID196696962,3/37 Brunswick Rd,2,u,665000.0,16/07/2016,1.0,1.0,0.0,79.0,-37.7786,144.9753
ID512559476,5 Davidson St,4,h,951000.0,26/08/2017,1.0,1.0,654.0,59.0,-37.75399,145.03606000000005
ID767240607,11 Banchory St,4,h,2165000.0,12/08/2017,2.0,3.0,951.0,89.0,-37.74997000000001,144.90752
ID373001125,1/70 Truganini Rd,2,t,795000.0,3/09/2016,2.0,1.0,133.0,10.0,-37.8911,145.0539
ID859732382,93 Church Rd,4,h,1200000.0,19/08/2017,2.0,1.0,650.0,24.0,-37.78911,145.13724
ID150955442,26 Abbotswood Dr,4,h,602000.0,26/08/2017,2.0,2.0,603.0,34.0,-37.849579999999996,144.67154
ID944196767,2/61 Moonya Rd,2,h,675000.0,16/04/2016,1.0,1.0,0.0,51.0,-37.8973,145.0625
ID971480591,21 Barloa Rd,5,h,2200000.0,1/07/2017,2.0,4.0,819.0,3.0,-37.81269,145.10236
ID474026211,1/22 Joffre Rd,3,u,736000.0,27/05/2017,1.0,0.0,278.0,69.0,-37.71798,144.93965
ID917000535,58 Bliburg St,3,h,421000.0,30/07/2016,1.0,1.0,607.0,59.0,-37.6864,144.9111
ID603957388,3/64 Powell St,2,u,480500.0,27/11/2016,1.0,1.0,0.0,49.0,-37.8182,144.8846
ID586093311,17 Hamilton St,5,h,3028000.0,18/03/2017,5.0,4.0,696.0,89.0,-37.7974,145.0491
ID135879579,18 Empress Rd,2,h,1260000.0,13/05/2017,1.0,0.0,269.0,109.0,-37.8201,145.0887
ID628088623,8/32 Liddiard St,2,u,440000.0,10/09/2016,1.0,1.0,0.0,49.0,-37.8192,145.0385
ID507181587,17 Ramleh Rd,3,h,692500.0,23/04/2016,2.0,2.0,803.0,5.0,-37.7086,145.0313
ID787852000,66 Fitzgibbon St,2,h,1851000.0,22/08/2016,1.0,1.0,172.0,119.0,-37.7948,144.9571
ID442028401,30 Sherwin St,3,h,601000.0,29/07/2017,2.0,1.0,972.0,23.0,-37.51232,145.13282
ID141667160,176 Albert St,2,h,911000.0,16/09/2017,1.0,1.0,132.0,114.0,-37.7697,144.96866
ID113424321,10 Hazeldine Rd,4,h,2538000.0,6/08/2016,2.0,3.0,630.0,19.0,-37.856,145.0691
ID887937912,22 Champion St,3,h,2375000.0,17/09/2016,2.0,2.0,547.0,19.0,-37.9271,145.0034
ID394867954,52a William St,2,h,1100000.0,18/06/2016,2.0,1.0,124.0,6.0,-37.8079,144.9977
ID568119236,19 Plymouth Cl,3,h,600000.0,6/05/2017,1.0,2.0,465.0,89.0,-37.7549,144.8304
ID777769936,111 Loongana Av,3,h,770000.0,12/08/2017,1.0,2.0,604.0,59.0,-37.70855,144.90441
ID353479397,185 Doncaster Rd,4,h,1702000.0,10/12/2016,2.0,2.0,715.0,80.0,-37.7943,145.083
ID842291623,58 Wolverhampton St,4,h,977000.0,3/12/2016,2.0,1.0,154.0,12.0,-37.7983,144.8911
ID714114523,2b York Rd,5,h,1650000.0,22/05/2016,2.0,2.0,400.0,59.0,-37.8572,145.0555
ID359262909,11/201 Wellington Pde S,1,u,630000.0,25/02/2017,1.0,1.0,0.0,49.0,-37.8168,144.9787
ID990394922,9 Swan St,3,h,831000.0,20/05/2017,1.0,0.0,210.0,119.0,-37.7947,144.8871
ID272163350,12 Kookaburra St,3,h,1165000.0,29/04/2017,1.0,2.0,700.0,10.0,-37.8707,144.8076
ID867520680,21 Penn Ct,4,h,750000.0,18/06/2016,2.0,1.0,613.0,49.0,-37.7034,144.9666
ID717705978,1/23 Bena St,4,h,1142000.0,12/08/2017,3.0,2.0,234.0,7.0,-37.81961,144.88132
ID859533609,10 Gresford St,3,h,701000.0,4/03/2017,2.0,0.0,630.0,79.0,-37.7692,144.8348
ID541453120,4/63 Carlisle St,2,u,533000.0,22/07/2017,1.0,1.0,463.0,59.0,-37.86761,144.98337
ID468983643,2/22 Volga St,2,t,468000.0,26/07/2016,1.0,1.0,137.0,7.0,-37.707,144.9413
ID284621455,55 Emo Rd,3,h,2210000.0,8/10/2016,1.0,2.0,789.0,25.0,-37.8747,145.05200000000005
ID912190130,616 North Rd,2,h,765000.0,14/05/2016,1.0,2.0,300.0,17.0,-37.9045,145.0426
ID286899929,28 Eildon Dr,3,h,745000.0,29/07/2017,1.0,4.0,540.0,39.0,-37.9884,145.15925
ID391139754,5/69 Edinburgh St,2,u,350000.0,26/07/2016,1.0,1.0,0.0,49.0,-37.7857,144.9244
ID426205313,3 Horton St,3,h,760000.0,13/05/2017,2.0,2.0,567.0,69.0,-37.7236,144.9876
ID972165819,21 Beattie St,3,h,806000.0,27/05/2017,1.0,0.0,396.0,64.0,-37.71665,145.11682
ID755243774,3/406 Wattletree Rd,3,t,1253000.0,7/05/2016,2.0,1.0,216.0,25.0,-37.866,145.0549
ID287961262,509 Boronia Rd,4,h,1214000.0,15/07/2017,1.0,2.0,734.0,59.0,-37.852090000000004,145.24268
ID979355118,17 James St,3,h,665000.0,7/11/2016,1.0,1.0,726.0,58.0,-37.7104,144.9733
ID692777385,5/285 Punt Rd,1,u,342000.0,10/09/2016,1.0,1.0,0.0,49.0,-37.8214,144.9896
ID472861220,65 Fyfe Dr,4,h,1421000.0,10/09/2016,2.0,2.0,650.0,39.0,-37.7694,145.1222
ID170718573,35 Cobblestone Dr,3,h,690000.0,8/07/2017,2.0,2.0,545.0,14.0,-37.644259999999996,145.1
ID728189285,22C Tennyson St,4,t,1950000.0,17/06/2017,3.0,2.0,142.0,6.0,-37.871559999999995,144.98605
ID824860679,1/6 Wave St,1,u,347000.0,25/02/2017,1.0,1.0,0.0,49.0,-37.8839,144.9903
ID139482906,70 Anderson St,3,h,1262000.0,16/09/2017,2.0,2.0,343.0,39.0,-37.844609999999996,144.87515
ID932512559,12 Derby St,4,h,650000.0,30/07/2016,1.0,2.0,410.0,79.0,-37.7346,144.9456
ID936704590,6 Aria Ct,4,h,555000.0,3/09/2017,2.0,2.0,387.0,44.0,-37.595890000000004,145.11364
ID542357841,5 Binns St,3,h,710000.0,7/11/2016,1.0,3.0,540.0,59.0,-37.8294,144.8378
ID427262598,218 Neerim Rd,4,h,1275000.0,3/12/2016,2.0,0.0,365.0,100.0,-37.8877,145.0507
ID130422916,67 Norwood St,3,h,621000.0,20/05/2017,1.0,3.0,547.0,49.0,-37.7765,144.8123
ID729644019,182 Morris Rd,3,h,516000.0,12/08/2017,1.0,1.0,537.0,17.0,-37.86833,144.7035
ID978311882,54 Twyford St,3,h,1535000.0,3/09/2016,1.0,1.0,507.0,109.0,-37.8681,144.8994
ID197063968,136 Thomas St,1,h,2450000.0,27/11/2016,2.0,0.0,994.0,69.0,-37.94,145.0151
ID730704003,31 Powell St,3,h,1005000.0,4/03/2017,2.0,4.0,466.0,89.0,-37.7266,145.0004
ID276464687,70 Voltri St,3,h,885000.0,3/06/2017,1.0,2.0,530.0,39.0,-37.97584000000001,145.08106999999995
ID392673333,6/14 Woorigoleen Rd,3,u,1350000.0,12/08/2017,2.0,1.0,187.0,79.0,-37.84297,145.01819
ID510119739,994 Waverley Rd,5,h,1090000.0,15/07/2017,2.0,2.0,698.0,41.0,-37.8921,145.19118
ID243613980,5/456 Albion St,1,u,312000.0,17/06/2017,1.0,1.0,406.0,49.0,-37.75847,144.94226
ID259372288,21 Barkly St,3,h,1200000.0,10/12/2016,1.0,2.0,550.0,69.0,-37.8275,145.1298
ID244524151,18 Fydler Av,3,h,580000.0,26/08/2017,2.0,2.0,461.0,19.0,-37.74518,144.74708
ID965596015,6/4 Ballater St,2,u,521000.0,10/09/2016,1.0,1.0,0.0,49.0,-37.7504,144.9051
ID506808695,56/15 Beach St,2,u,900000.0,28/05/2016,1.0,2.0,0.0,22.0,-37.8426,144.9398
ID777104239,9/60 Carlisle St,2,u,615000.0,17/06/2017,1.0,1.0,1123.0,99.0,-37.86736,144.98391
ID480374995,129 Glenlyon Rd,3,h,1652000.0,6/05/2017,1.0,2.0,506.0,98.0,-37.7723,144.9694
ID681321038,11/46 Edgar St,2,u,501000.0,27/05/2017,1.0,1.0,0.0,144.0,-37.85285,145.04608000000005
ID333414218,1 Parker Rd,4,h,1070000.0,24/06/2017,2.0,3.0,38490.0,99.0,-37.83229,145.43003000000004
ID409189354,30 Carrington Rd,3,h,1312000.0,6/05/2017,1.0,1.0,650.0,69.0,-37.7375,144.8885
ID948595334,2/37 Garnet St,3,u,600000.0,14/05/2016,2.0,1.0,164.0,69.0,-37.7479,144.8868
ID852044965,311/163 Cremorne St,2,u,570000.0,27/05/2017,2.0,1.0,0.0,12.0,-37.83011,144.99043999999995
ID876693943,35 Henry St,3,h,1037000.0,3/09/2016,1.0,1.0,188.0,109.0,-37.7953,144.9275
ID913946220,20 Butler St,3,h,993000.0,9/09/2017,2.0,2.0,595.0,49.0,-37.74635,144.9229
ID747102949,24 The Crofts,2,h,1125000.0,30/07/2016,1.0,0.0,103.0,119.0,-37.8199,144.9911
ID547736128,56 Tennyson St,3,h,1050000.0,4/06/2016,1.0,1.0,274.0,119.0,-37.7984,144.929
ID398618751,129/4 Bik La,2,u,700000.0,4/03/2017,2.0,2.0,4296.0,8.0,-37.7846,144.9785
ID241013270,6/1 Ruabon Rd,3,u,640000.0,24/06/2017,1.0,1.0,0.0,49.0,-37.84744,145.00783
ID672857222,4/118 Rose St,1,t,580000.0,19/08/2017,1.0,1.0,782.0,21.0,-37.796170000000004,144.97982
ID947257070,48 Kenmare St,3,h,2588000.0,7/11/2016,3.0,2.0,1149.0,99.0,-37.812,145.1095
ID997526213,6/10 Wrexham Rd,1,u,452000.0,11/02/2017,1.0,1.0,0.0,45.0,-37.8568,145.0004
ID423530774,6/40 Wattle Rd,3,t,1300000.0,13/05/2017,2.0,1.0,126.0,49.0,-37.8255,145.029
ID248554426,24 Yeneda St,3,h,1922000.0,8/04/2017,1.0,1.0,696.0,64.0,-37.8016,145.1013
ID609953258,141/95 Rouse St,2,u,1250000.0,22/05/2016,2.0,2.0,0.0,16.0,-37.8435,144.9415
ID806443377,30 Robb St,4,h,1900000.0,3/12/2016,1.0,2.0,733.0,89.0,-37.7587,144.91
ID956841517,26/69 Wellington St,1,u,459000.0,8/10/2016,1.0,1.0,0.0,24.0,-37.8568,144.9873
ID113278334,275A Koornang Rd,2,h,920000.0,17/06/2017,1.0,1.0,431.0,99.0,-37.89785,145.05524
ID920495251,26 Coventry Cr,3,h,767500.0,8/07/2017,2.0,2.0,649.0,30.0,-37.67633,145.06922
ID642381705,12 Chambers Rd,3,h,830000.0,22/07/2017,2.0,2.0,529.0,54.0,-37.84107,144.84179
ID183397885,7/297 Dandenong Rd,2,u,480000.0,18/03/2017,1.0,2.0,0.0,49.0,-37.8592,145.0054
ID473199150,15 Freame St,2,h,1196000.0,8/04/2017,1.0,2.0,451.0,79.0,-37.8178,144.8752
ID867300181,2/705 Barkly St,3,u,347000.0,7/11/2016,1.0,1.0,0.0,54.0,-37.7964,144.8672
ID906386175,91 Spenser St,4,h,2455000.0,4/03/2017,1.0,1.0,300.0,99.0,-37.8725,144.97899999999996
ID225209457,1 Tovey St,5,h,1836000.0,30/07/2016,2.0,2.0,939.0,62.0,-37.7998,145.0862
ID738848420,8/3 Miller St,2,t,750000.0,18/03/2017,2.0,2.0,0.0,17.0,-37.7761,144.9792
ID923696798,14/107 Riversdale Rd,2,u,750000.0,19/11/2016,1.0,1.0,747.0,12.0,-37.8287,145.035
ID533269313,10 Grant St,3,h,1500000.0,22/07/2017,2.0,1.0,279.0,29.0,-37.9135,145.00846
ID437026795,91 Carrick Dr,3,h,755000.0,27/05/2017,1.0,1.0,935.0,44.0,-37.69744,144.89073
ID329908091,1/12 Brooks St,3,t,460000.0,15/10/2016,1.0,1.0,314.0,49.0,-37.7066,144.9733
ID467158283,413a Wellington St,2,h,1209000.0,8/10/2016,1.0,1.0,140.0,109.0,-37.7919,144.9884
ID984764284,1/241 Lower Plenty Rd,2,h,725000.0,14/05/2016,2.0,2.0,336.0,74.0,-37.7381,145.07299999999995
ID945180110,119 Middle St,4,h,650000.0,26/07/2016,1.0,4.0,588.0,59.0,-37.7096,144.9404
ID803847442,2/1 Perry St,3,t,785000.0,16/04/2016,2.0,2.0,169.0,19.0,-37.9385,145.0397
ID165770857,17 Empress Rd,3,h,2180000.0,27/11/2016,1.0,2.0,441.0,109.0,-37.8204,145.0887
ID854991563,581 Waterdale Rd,2,h,532000.0,27/05/2017,2.0,1.0,220.0,69.0,-37.73549000000001,145.0487
ID945257297,13 Mather Rd,4,h,805000.0,27/05/2017,2.0,4.0,702.0,39.0,-37.97412,145.18022
ID867998305,202/440 Docklands Dr,4,t,1370000.0,13/08/2016,2.0,2.0,0.0,18.0,-37.8141,144.9387
ID569326651,6 Shepherd St,3,h,2100000.0,4/06/2016,2.0,2.0,1255.0,49.0,-37.8322,145.1056
ID174350726,26 Nelson St,2,h,808000.0,18/03/2017,1.0,0.0,124.0,111.0,-37.8562,144.9848
ID287935261,7 Neville St,4,h,970000.0,10/12/2016,2.0,4.0,659.0,69.0,-37.7467,144.8683
ID810076564,64 Lyons St,2,h,890000.0,4/03/2017,1.0,1.0,282.0,49.0,-37.8957,145.0528
ID388356238,3 Cross St,3,h,652000.0,8/10/2016,2.0,1.0,216.0,9.0,-37.7865,144.8605
ID227085297,9 Kelverne St,3,h,685000.0,24/06/2017,1.0,3.0,494.0,59.0,-37.71477,144.98235
ID204305496,348 Punt Rd,3,h,900000.0,24/06/2017,1.0,1.0,119.0,49.0,-37.8414,144.98608000000004
ID168908993,197 Wingrove St,3,h,1125000.0,4/06/2016,1.0,2.0,530.0,19.0,-37.7788,145.0203
ID594991907,27/4 Seisman Pl,1,u,577000.0,8/10/2016,1.0,1.0,0.0,15.0,-37.8424,144.9449
ID954550206,5 Halpin St,3,h,1200000.0,4/06/2016,1.0,1.0,600.0,49.0,-37.769,144.9478
ID609950309,548 Centre Rd,3,h,770000.0,10/12/2016,2.0,2.0,0.0,32.0,-37.9193,145.0438
ID375767706,8/102 Cross St,2,u,480000.0,3/06/2017,1.0,1.0,1157.0,99.0,-37.800290000000004,144.87859
ID485568004,12A Almond St,2,h,997000.0,29/04/2017,1.0,2.0,311.0,94.0,-37.8895,145.0229
ID872943172,23 Acheron Av,3,h,925000.0,8/07/2017,1.0,2.0,676.0,79.0,-37.72167,145.01706000000001
ID652798416,13/26 Barnett St,1,u,445000.0,18/03/2017,1.0,0.0,0.0,22.0,-37.7913,144.9323
ID886664963,11 Muldowney St,3,t,1300000.0,25/02/2017,3.0,1.0,593.0,3.0,-37.7584,144.8968
ID136932061,43 Cary St,3,h,600000.0,12/11/2016,1.0,2.0,751.0,59.0,-37.7692,144.8246
ID784461521,11 Keiller St,3,h,1060000.0,16/09/2017,2.0,3.0,465.0,71.0,-37.93524,145.03438
ID239996390,1/9 Daventry St,2,u,405000.0,28/05/2016,1.0,1.0,121.0,54.0,-37.7146,145.001
ID180691325,57 Martin St,3,h,1375000.0,25/02/2017,1.0,1.0,639.0,54.0,-37.7502,145.0605
ID424708460,2/17 Greene St,2,u,321000.0,13/05/2017,1.0,1.0,0.0,49.0,-37.8288,144.8711
ID508022688,13 Gordon St,3,h,1398000.0,8/07/2017,2.0,1.0,445.0,59.0,-37.756209999999996,144.93401
ID564801580,14 Malua Cr,3,h,726000.0,15/07/2017,2.0,2.0,615.0,37.0,-37.67519,145.06201000000001
ID343539645,1 Rosedale Rd,4,h,1390000.0,28/05/2016,2.0,3.0,397.0,94.0,-37.8578,145.06799999999996
ID800488156,4 Eton Ct,4,h,695000.0,3/09/2017,1.0,3.0,713.0,69.0,-38.15675,145.12707
ID744112326,1/18 Howard St,2,u,600000.0,24/06/2017,1.0,1.0,847.0,29.0,-37.80798,145.02347
ID732898693,56 Brandon St,3,h,1820000.0,12/11/2016,1.0,3.0,650.0,89.0,-37.8571,145.0766
ID750333974,4/135 Grange Rd,1,u,600000.0,23/09/2017,1.0,1.0,100.0,59.0,-37.89154,145.04483000000005
ID902779249,311/13 Wellington St,2,u,470000.0,26/07/2016,1.0,1.0,0.0,139.0,-37.8562,144.9844
ID111569797,41 Shrewsbury St,4,h,1595000.0,19/08/2017,1.0,2.0,581.0,59.0,-37.91291,145.05996000000005
ID758823463,22 Saxon St,4,h,1050000.0,7/05/2016,2.0,2.0,317.0,24.0,-37.7815,145.1279
ID302422763,67 Wheatland Rd,4,h,2400000.0,6/08/2016,2.0,2.0,586.0,129.0,-37.866,145.039
ID565635120,8/27 Kensington Rd,2,u,613000.0,26/07/2016,1.0,1.0,0.0,109.0,-37.838,145.0011
ID556837023,6/219 Nicholson St,2,u,500000.0,18/06/2016,1.0,1.0,0.0,49.0,-37.8015,144.9972
ID711526166,404/101 Bay St,2,u,550000.0,4/02/2016,1.0,1.0,0.0,7.0,-37.8408,144.94
ID754211613,53 Fyfe Dr,5,h,1410000.0,12/08/2017,2.0,2.0,648.0,44.0,-37.77033,145.1214
ID252204481,153 Thompsons Rd,2,h,890000.0,12/11/2016,1.0,2.0,559.0,59.0,-37.7739,145.094
ID927559379,88 Bernard St,3,h,1051000.0,17/06/2017,1.0,3.0,590.0,19.0,-37.954159999999995,145.06781
ID343891902,70 Market St,4,h,710000.0,4/06/2016,1.0,2.0,329.0,64.0,-37.847,144.8788
ID157297841,2 Wattletree Ct,5,h,1832000.0,22/07/2017,2.0,2.0,803.0,44.0,-37.87942,145.17668
ID816326374,16 Scenic Dr,5,h,1529500.0,17/09/2016,3.0,2.0,585.0,19.0,-37.8637,145.1024
ID166634685,10 Hastings Ct,3,h,600000.0,16/09/2017,1.0,2.0,555.0,99.0,-37.64417,145.04043000000001
ID446130050,53 Moonya Rd,4,h,1423000.0,19/11/2016,3.0,4.0,838.0,54.0,-37.8972,145.0617
ID941115403,6 Riverside Av,3,h,840000.0,16/09/2017,2.0,2.0,725.0,49.0,-37.72465,144.8359
ID944196767,2/61 Moonya Rd,2,h,675000.0,16/04/2016,1.0,1.0,0.0,51.0,-37.8973,145.0625
ID287961262,509 Boronia Rd,4,h,1214000.0,15/07/2017,1.0,2.0,734.0,59.0,-37.852090000000004,145.24268
ID373001125,1/70 Truganini Rd,2,t,795000.0,3/09/2016,2.0,1.0,133.0,10.0,-37.8911,145.0539
ID450526313,3/50 Denbigh Rd,2,u,546000.0,30/07/2016,0.0,0.0,0.0,6.0,-37.8568,145.0161
ID402455618,29 Cluden St,4,h,1706000.0,17/09/2016,3.0,2.0,538.0,104.0,-37.9126,145.011
ID757219774,112 Belmore Rd,5,h,2570000.0,3/12/2016,3.0,2.0,715.0,10.0,-37.8028,145.0768
ID764969550,1/30 Lisson Gr,2,h,1480000.0,24/06/2017,0.0,0.0,241.0,129.0,-37.82679,145.03021
ID691127635,3/10 Edgar St,2,t,690000.0,25/02/2017,1.0,1.0,110.0,9.0,-37.7489,145.07
ID419220882,37 Dunstan Ave,3,h,905000.0,19/08/2017,1.0,1.0,277.0,39.0,-37.7592,144.97321000000005
ID985690646,12 Coane St,3,h,960000.0,25/02/2017,1.0,2.0,641.0,69.0,-37.7253,144.938
ID951184494,4/35 Studley Park Rd,2,u,580000.0,13/08/2016,1.0,1.0,0.0,49.0,-37.8071,145.0243
ID185675607,4/51 Yarra St,2,t,705000.0,6/08/2016,1.0,1.0,182.0,46.0,-37.7587,145.0657
ID341728236,27 Halpin St,3,h,1445000.0,24/06/2017,1.0,2.0,613.0,69.0,-37.76883,144.94592
ID337483455,15 Wright St,3,h,1045000.0,28/05/2016,1.0,1.0,429.0,89.0,-37.7453,144.9183
ID872943172,23 Acheron Av,3,h,925000.0,8/07/2017,1.0,2.0,676.0,79.0,-37.72167,145.01706000000001
ID343891902,70 Market St,4,h,710000.0,4/06/2016,1.0,2.0,329.0,64.0,-37.847,144.8788
